,design,nr,ntheta,nx,panels,A,B
0,"design_3.583333333333333,1.125",2,20,10,140,89605.76659681169,31907.928904303393
1,"design_3.583333333333333,1.125",2,20,15,200,89450.58697475225,31820.06465028844
2,"design_3.583333333333333,1.125",2,20,20,240,89374.51119953844,31776.746318602072
3,"design_3.583333333333333,1.125",2,20,25,300,89328.57115243492,31750.49346634666
4,"design_3.583333333333333,1.125",2,20,30,340,89298.37765584816,31733.104117784922
5,"design_3.583333333333333,1.125",2,25,10,175,90608.07550737134,32429.98411362228
6,"design_3.583333333333333,1.125",2,25,15,250,90453.56846187796,32342.598869945014
7,"design_3.583333333333333,1.125",2,25,20,300,90377.92077850355,32299.45548559351
8,"design_3.583333333333333,1.125",2,25,25,375,90332.13458184336,32273.390035465683
9,"design_3.583333333333333,1.125",2,25,30,425,90302.1279794454,32256.054124038008
10,"design_3.583333333333333,1.125",2,30,10,210,91168.78791481654,32719.094191690878
11,"design_3.583333333333333,1.125",2,30,15,300,91014.69787162347,32632.13956140211
12,"design_3.583333333333333,1.125",2,30,20,360,90939.23804569167,32589.27189464254
13,"design_3.583333333333333,1.125",2,30,25,450,90893.61170925552,32563.240612892554
14,"design_3.583333333333333,1.125",2,30,30,510,90863.60649102398,32545.988668477636
15,"design_3.583333333333333,1.125",2,35,10,245,91490.9158223181,32906.57890169676
16,"design_3.583333333333333,1.125",2,35,15,350,91337.3275614812,32820.03845296638
17,"design_3.583333333333333,1.125",2,35,20,420,91261.99269952156,32777.288596006794
18,"design_3.583333333333333,1.125",2,35,25,525,91216.48694687188,32751.381458891174
19,"design_3.583333333333333,1.125",2,35,30,595,91186.55354512978,32734.209092078854
20,"design_3.583333333333333,1.125",2,40,10,280,91746.5627603321,33026.6548689953
21,"design_3.583333333333333,1.125",2,40,15,400,91594.54696771395,32940.72885507355
22,"design_3.583333333333333,1.125",2,40,20,480,91519.10854024254,32897.98982194895
23,"design_3.583333333333333,1.125",2,40,25,600,91474.22352149182,32872.31740393046
24,"design_3.583333333333333,1.125",2,40,30,680,91444.15023075396,32855.12150839016
25,"design_3.583333333333333,1.125",7,20,10,240,97311.00219937948,36890.30731005807
26,"design_3.583333333333333,1.125",7,20,15,300,97039.80663720604,36752.66996975516
27,"design_3.583333333333333,1.125",7,20,20,340,96904.8765726676,36684.119189889854
28,"design_3.583333333333333,1.125",7,20,25,400,96823.53805235797,36642.56572072076
29,"design_3.583333333333333,1.125",7,20,30,440,96769.58437419361,36615.05227909815
30,"design_3.583333333333333,1.125",7,25,10,300,98192.01703283902,37382.9318523895
31,"design_3.583333333333333,1.125",7,25,15,375,97923.86722659247,37247.52152180727
32,"design_3.583333333333333,1.125",7,25,20,425,97790.87601742984,37180.17836796347
33,"design_3.583333333333333,1.125",7,25,25,500,97710.53772709386,37139.28871573329
34,"design_3.583333333333333,1.125",7,25,30,550,97657.3591007144,37112.22981627548
35,"design_3.583333333333333,1.125",7,30,10,360,98718.1941362885,37668.297716312976
36,"design_3.583333333333333,1.125",7,30,15,450,98451.27833967471,37533.97928210689
37,"design_3.583333333333333,1.125",7,30,20,510,98318.79612572538,37467.210997823415
38,"design_3.583333333333333,1.125",7,30,25,600,98238.94675655375,37426.69393762311
39,"design_3.583333333333333,1.125",7,30,30,660,98186.10898706186,37399.87399905493
40,"design_3.583333333333333,1.125",7,35,10,420,99051.43260761765,37858.342407321215
41,"design_3.583333333333333,1.125",7,35,15,525,98785.07366818399,37724.5802806315
42,"design_3.583333333333333,1.125",7,35,20,595,98653.34859444706,37658.140404730955
43,"design_3.583333333333333,1.125",7,35,25,700,98573.68907192425,37617.821721172724
44,"design_3.583333333333333,1.125",7,35,30,770,98520.9588734795,37591.08889672824
45,"design_3.583333333333333,1.125",7,40,10,480,99296.18209612124,37986.218287815595
46,"design_3.583333333333333,1.125",7,40,15,600,99031.18303175188,37853.1041240687
47,"design_3.583333333333333,1.125",7,40,20,680,98899.40651225935,37786.72452064996
48,"design_3.583333333333333,1.125",7,40,25,800,98819.84102912624,37746.4779407178
49,"design_3.583333333333333,1.125",7,40,30,880,98767.498016368,37719.919175898656
50,"design_3.583333333333333,1.125",12,20,10,340,98306.3458837477,37603.43791606878
51,"design_3.583333333333333,1.125",12,20,15,400,97985.11668389676,37443.43007434914
52,"design_3.583333333333333,1.125",12,20,20,440,97822.59837032043,37362.30886193345
53,"design_3.583333333333333,1.125",12,20,25,500,97724.32212239195,37313.07404870842
54,"design_3.583333333333333,1.125",12,20,30,540,97658.86483194171,37280.271096928605
55,"design_3.583333333333333,1.125",12,25,10,425,99168.88915581805,38080.96796853869
56,"design_3.583333333333333,1.125",12,25,15,500,98851.76458184942,37923.59619779269
57,"design_3.583333333333333,1.125",12,25,20,550,98691.62426622289,37843.93520273638
58,"design_3.583333333333333,1.125",12,25,25,625,98594.75392902382,37795.53843615444
59,"design_3.583333333333333,1.125",12,25,30,675,98530.40683280247,37763.364650189214
60,"design_3.583333333333333,1.125",12,30,10,510,99686.25400454484,38358.523659835126
61,"design_3.583333333333333,1.125",12,30,15,600,99370.517896529,38202.228286577425
62,"design_3.583333333333333,1.125",12,30,20,660,99211.42897296898,38123.26204517304
63,"design_3.583333333333333,1.125",12,30,25,750,99115.24530118304,38075.327190754884
64,"design_3.583333333333333,1.125",12,30,30,810,99051.3484810389,38043.42731077455
65,"design_3.583333333333333,1.125",12,35,10,595,100011.22562910563,38544.49452975542
66,"design_3.583333333333333,1.125",12,35,15,700,99696.55707540849,38388.893614210465
67,"design_3.583333333333333,1.125",12,35,20,770,99537.87945202312,38310.300391030585
68,"design_3.583333333333333,1.125",12,35,25,875,99441.98091572316,38262.5890360972
69,"design_3.583333333333333,1.125",12,35,30,945,99378.38241175612,38230.89417507266
70,"design_3.583333333333333,1.125",12,40,10,680,100251.81055361537,38672.0312986299
71,"design_3.583333333333333,1.125",12,40,15,800,99937.94860766083,38516.99380382888
72,"design_3.583333333333333,1.125",12,40,20,880,99780.04684950375,38438.683643250624
73,"design_3.583333333333333,1.125",12,40,25,1000,99684.72007484335,38391.35152423595
74,"design_3.583333333333333,1.125",12,40,30,1080,99621.18998516584,38359.6856143396
75,"design_3.583333333333333,1.125",17,20,10,440,98808.7083534714,37919.085191148755
76,"design_3.583333333333333,1.125",17,20,15,500,98460.32084126452,37746.19761749831
77,"design_3.583333333333333,1.125",17,20,20,540,98280.06465874017,37656.75199677393
78,"design_3.583333333333333,1.125",17,20,25,600,98170.34586138489,37602.13258928429
79,"design_3.583333333333333,1.125",17,20,30,640,98096.94762291881,37565.626427164105
80,"design_3.583333333333333,1.125",17,25,10,550,99662.16613975675,38393.14609772844
81,"design_3.583333333333333,1.125",17,25,15,625,99318.44212310555,38223.056264304745
82,"design_3.583333333333333,1.125",17,25,20,675,99140.83212846432,38135.18100039495
83,"design_3.583333333333333,1.125",17,25,25,750,99032.68443614485,38081.48460752117
84,"design_3.583333333333333,1.125",17,25,30,800,98960.43525813348,38045.61046063867
85,"design_3.583333333333333,1.125",17,30,10,660,100177.2607444525,38668.80543670332
86,"design_3.583333333333333,1.125",17,30,15,750,99835.29095870466,38499.963728367155
87,"design_3.583333333333333,1.125",17,30,20,810,99658.96138873127,38412.850123418706
88,"design_3.583333333333333,1.125",17,30,25,900,99551.48340608264,38359.59775876542
89,"design_3.583333333333333,1.125",17,30,30,960,99479.8210236186,38324.05688254017
90,"design_3.583333333333333,1.125",17,35,10,770,100507.89162467557,38854.672220579676
91,"design_3.583333333333333,1.125",17,35,15,875,100166.70959778769,38686.435702119496
92,"design_3.583333333333333,1.125",17,35,20,945,99991.00561983146,38599.75565539716
93,"design_3.583333333333333,1.125",17,35,25,1050,99883.92579215686,38546.780626874504
94,"design_3.583333333333333,1.125",17,35,30,1120,99812.58365962318,38511.44847197043
95,"design_3.583333333333333,1.125",17,40,10,880,100749.99227597234,38981.08292104428
96,"design_3.583333333333333,1.125",17,40,15,1000,100409.70968234337,38813.38930832775
97,"design_3.583333333333333,1.125",17,40,20,1080,100234.87101413471,38727.203180909375
98,"design_3.583333333333333,1.125",17,40,25,1200,100128.01831934635,38674.37636011654
99,"design_3.583333333333333,1.125",17,40,30,1280,100056.93361915978,38639.16548606863
100,"design_8.25,0.625",2,20,10,140,429781.54512883443,326022.9847529879
101,"design_8.25,0.625",2,20,15,200,429688.6235572745,325901.7632375482
102,"design_8.25,0.625",2,20,20,240,429640.95823544817,325839.8649400512
103,"design_8.25,0.625",2,20,25,300,429612.16001075594,325802.3066166043
104,"design_8.25,0.625",2,20,30,340,429592.8304361819,325777.07840942347
105,"design_8.25,0.625",2,25,10,175,472711.4102297535,354341.7000709953
106,"design_8.25,0.625",2,25,15,250,472601.14079650235,354208.8812174282
107,"design_8.25,0.625",2,25,20,300,472544.61870911944,354141.1008649076
108,"design_8.25,0.625",2,25,25,375,472510.4646044134,354099.9693592459
109,"design_8.25,0.625",2,25,30,425,472487.54328960634,354072.34553302807
110,"design_8.25,0.625",2,30,10,210,505271.3829690112,372873.3006239414
111,"design_8.25,0.625",2,30,15,300,505148.4982224129,372732.70523434447
112,"design_8.25,0.625",2,30,20,360,505085.54661013396,372660.98241122876
113,"design_8.25,0.625",2,30,25,450,505047.5030161041,372617.4546385955
114,"design_8.25,0.625",2,30,30,510,505021.97460194275,372588.22414971713
115,"design_8.25,0.625",2,35,10,245,528495.5503660518,385603.11209082283
116,"design_8.25,0.625",2,35,15,350,528363.8485051217,385457.21539906034
117,"design_8.25,0.625",2,35,20,420,528296.4083817102,385382.7996631637
118,"design_8.25,0.625",2,35,25,525,528255.6414272155,385337.63663031545
119,"design_8.25,0.625",2,35,30,595,528228.286752598,385307.30894033937
120,"design_8.25,0.625",2,40,10,280,544783.1503534481,394178.46668537025
121,"design_8.25,0.625",2,40,15,400,544644.7941041162,394029.3657457171
122,"design_8.25,0.625",2,40,20,480,544573.9685263212,393953.33762317145
123,"design_8.25,0.625",2,40,25,600,544531.1522099497,393907.1953710836
124,"design_8.25,0.625",2,40,30,680,544502.424318144,393876.2129388024
125,"design_8.25,0.625",7,20,10,240,750344.1853868534,478466.1525242301
126,"design_8.25,0.625",7,20,15,300,750012.0654998312,478215.9281051071
127,"design_8.25,0.625",7,20,20,340,749853.3609789402,478095.41640617006
128,"design_8.25,0.625",7,20,25,400,749757.9532568499,478022.276404673
129,"design_8.25,0.625",7,20,30,440,749696.0191639301,477974.29218653543
130,"design_8.25,0.625",7,25,10,300,814231.4629494251,504351.8390146324
131,"design_8.25,0.625",7,25,15,375,813883.99654099,504120.0363186662
132,"design_8.25,0.625",7,25,20,425,813716.4790162317,504007.7874551801
133,"design_8.25,0.625",7,25,25,500,813615.617737188,503939.6033477985
134,"design_8.25,0.625",7,25,30,550,813549.7507238978,503894.7292064633
135,"design_8.25,0.625",7,30,10,360,857260.6944095847,518769.5817196091
136,"design_8.25,0.625",7,30,15,450,856901.1039140953,518548.3748361112
137,"design_8.25,0.625",7,30,20,510,856726.7111719957,518440.77230546414
138,"design_8.25,0.625",7,30,25,600,856621.6494348728,518375.3907042971
139,"design_8.25,0.625",7,30,30,660,856552.8182333612,518332.2775228606
140,"design_8.25,0.625",7,35,10,420,886139.7199604757,527525.2842705601
141,"design_8.25,0.625",7,35,15,525,885770.0323742348,527311.0605576807
142,"design_8.25,0.625",7,35,20,595,885589.9809652339,527206.4804148535
143,"design_8.25,0.625",7,35,25,700,885481.4900411202,527142.9282144866
144,"design_8.25,0.625",7,35,30,770,885410.2524407561,527100.956029335
145,"design_8.25,0.625",7,40,10,480,905527.4100637945,533235.1162261837
146,"design_8.25,0.625",7,40,15,600,905150.0270204035,533025.7189622571
147,"design_8.25,0.625",7,40,20,680,904965.6353409695,532923.2275090927
148,"design_8.25,0.625",7,40,25,800,904854.5131060246,532860.9577483148
149,"design_8.25,0.625",7,40,30,880,904781.4207242763,532819.7895394873
150,"design_8.25,0.625",12,20,10,340,829078.8561896457,503940.677472579
151,"design_8.25,0.625",12,20,15,400,828281.5377201629,503341.89922203554
152,"design_8.25,0.625",12,20,20,440,827909.4955897949,503065.06759432424
153,"design_8.25,0.625",12,20,25,500,827680.8163042001,502894.52690187277
154,"design_8.25,0.625",12,20,30,540,827534.3090506843,502785.10580161406
155,"design_8.25,0.625",12,25,10,425,894876.8903553062,528872.6221434608
156,"design_8.25,0.625",12,25,15,500,894190.3342856194,528431.2004887313
157,"design_8.25,0.625",12,25,20,550,893864.3680830194,528223.9496763658
158,"design_8.25,0.625",12,25,25,625,893664.5652633912,528096.2164059427
159,"design_8.25,0.625",12,25,30,675,893535.5845435642,528013.6608672381
160,"design_8.25,0.625",12,30,10,510,935607.259536719,541086.1868090088
161,"design_8.25,0.625",12,30,15,600,934967.7269295169,540713.6821733037
162,"design_8.25,0.625",12,30,20,660,934662.0125572751,540537.1674560998
163,"design_8.25,0.625",12,30,25,750,934474.9985953227,540428.6306893082
164,"design_8.25,0.625",12,30,30,810,934353.6368925873,540358.1300517553
165,"design_8.25,0.625",12,35,10,595,961182.9223120533,547866.557126914
166,"design_8.25,0.625",12,35,15,700,960567.0470130957,547532.4071855427
167,"design_8.25,0.625",12,35,20,770,960271.3745502244,547373.1580346628
168,"design_8.25,0.625",12,35,25,875,960090.80094188,547275.3240487762
169,"design_8.25,0.625",12,35,30,945,959973.3870775637,547211.6346806461
170,"design_8.25,0.625",12,40,10,680,977220.9973046475,552217.4823125525
171,"design_8.25,0.625",12,40,15,800,976618.953272134,551908.2399171672
172,"design_8.25,0.625",12,40,20,880,976329.2139647199,551760.1948505444
173,"design_8.25,0.625",12,40,25,1000,976152.3444701323,551669.3803972553
174,"design_8.25,0.625",12,40,30,1080,976037.17715049,551610.0619857784
175,"design_8.25,0.625",17,20,10,440,856065.3317691245,517821.2587036295
176,"design_8.25,0.625",17,20,15,500,854871.5792355833,516887.86131374026
177,"design_8.25,0.625",17,20,20,540,854273.9120572897,516441.506312815
178,"design_8.25,0.625",17,20,25,600,853910.8916091052,516167.23222021305
179,"design_8.25,0.625",17,20,30,640,853670.0590095922,515989.0987838817
180,"design_8.25,0.625",17,25,10,550,919249.1731884147,540344.9038805129
181,"design_8.25,0.625",17,25,15,625,918305.6181846652,539727.2986824348
182,"design_8.25,0.625",17,25,20,675,917831.3484058097,539426.909855922
183,"design_8.25,0.625",17,25,25,750,917543.9595075768,539243.2085935654
184,"design_8.25,0.625",17,25,30,800,917352.789379404,539122.7553652114
185,"design_8.25,0.625",17,30,10,660,957614.9363958098,550811.0572021944
186,"design_8.25,0.625",17,30,15,750,956770.4221208403,550314.4659148935
187,"design_8.25,0.625",17,30,20,810,956348.0274428006,550072.1297192053
188,"design_8.25,0.625",17,30,25,900,956091.9186729146,549923.9868781719
189,"design_8.25,0.625",17,30,30,960,955921.918444716,549826.6580789015
190,"design_8.25,0.625",17,35,10,770,981243.0022356762,556441.1675389876
191,"design_8.25,0.625",17,35,15,875,980449.076349843,556008.8104079056
192,"design_8.25,0.625",17,35,20,945,980054.1085322608,555797.6388393336
193,"design_8.25,0.625",17,35,25,1050,979814.4307263609,555668.5192568597
194,"design_8.25,0.625",17,35,30,1120,979655.7254527778,555583.6377880176
195,"design_8.25,0.625",17,40,10,880,995811.4392704574,559913.671407688
196,"design_8.25,0.625",17,40,15,1000,995048.9390717659,559521.0733868218
197,"design_8.25,0.625",17,40,20,1080,994671.0341496522,559329.3709722421
198,"design_8.25,0.625",17,40,25,1200,994441.5758342372,559212.1369850355
199,"design_8.25,0.625",17,40,30,1280,994289.9757667358,559135.0149139477
200,"design_5.916666666666666,0.875",2,20,10,140,291740.2633565006,148784.8279203397
201,"design_5.916666666666666,0.875",2,20,15,200,291571.6849562493,148656.0155985373
202,"design_5.916666666666666,0.875",2,20,20,240,291486.57885862223,148590.71047707443
203,"design_5.916666666666666,0.875",2,20,25,300,291435.1390305873,148551.1934632786
204,"design_5.916666666666666,0.875",2,20,30,340,291400.745444845,148524.72771737564
205,"design_5.916666666666666,0.875",2,25,10,175,302918.99687104777,153907.69395361363
206,"design_5.916666666666666,0.875",2,25,15,250,302743.1340168844,153777.12975662257
207,"design_5.916666666666666,0.875",2,25,20,300,302654.36985815904,153710.93776512583
208,"design_5.916666666666666,0.875",2,25,25,375,302600.93731736747,153670.74790919543
209,"design_5.916666666666666,0.875",2,25,30,425,302565.03512890503,153643.94248628727
210,"design_5.916666666666666,0.875",2,30,10,210,308385.0284339959,156387.93107068093
211,"design_5.916666666666666,0.875",2,30,15,300,308206.5294554025,156256.37659614556
212,"design_5.916666666666666,0.875",2,30,20,360,308116.48724048666,156189.71761617778
213,"design_5.916666666666666,0.875",2,30,25,450,308062.06660345057,156149.37366553824
214,"design_5.916666666666666,0.875",2,30,30,510,308025.69239586004,156122.36140076784
215,"design_5.916666666666666,0.875",2,35,10,245,311248.0580207069,157579.35988438217
216,"design_5.916666666666666,0.875",2,35,15,350,311068.4633047796,157447.63790310375
217,"design_5.916666666666666,0.875",2,35,20,420,310977.8977764253,157380.91275065285
218,"design_5.916666666666666,0.875",2,35,25,525,310923.15889700846,157340.5261016948
219,"design_5.916666666666666,0.875",2,35,30,595,310886.5777183168,157313.48909411638
220,"design_5.916666666666666,0.875",2,40,10,280,312627.5739313705,158301.61745701067
221,"design_5.916666666666666,0.875",2,40,15,400,312447.6430614559,158169.82995665653
222,"design_5.916666666666666,0.875",2,40,20,480,312356.93293530744,158103.08386923833
223,"design_5.916666666666666,0.875",2,40,25,600,312302.10378560005,158062.68154915769
224,"design_5.916666666666666,0.875",2,40,30,680,312265.4670472853,158035.6364973746
225,"design_5.916666666666666,0.875",7,20,10,240,381964.42108035,187478.89770203418
226,"design_5.916666666666666,0.875",7,20,15,300,381508.2180615592,187206.82402865964
227,"design_5.916666666666666,0.875",7,20,20,340,381286.8127734143,187075.71916425103
228,"design_5.916666666666666,0.875",7,20,25,400,381151.88938443665,186995.57897947117
229,"design_5.916666666666666,0.875",7,20,30,440,381063.56518310774,186943.27234584192
230,"design_5.916666666666666,0.875",7,25,10,300,391227.4898836342,191642.63661303872
231,"design_5.916666666666666,0.875",7,25,15,375,390786.7258421494,191392.4913413145
232,"design_5.916666666666666,0.875",7,25,20,425,390572.91074025875,191271.11614942554
233,"design_5.916666666666666,0.875",7,25,25,500,390442.5411035734,191197.18538035458
234,"design_5.916666666666666,0.875",7,25,30,550,390357.22688690905,191148.73440849726
235,"design_5.916666666666666,0.875",7,30,10,360,395253.3995023449,193824.96620748553
236,"design_5.916666666666666,0.875",7,30,15,450,394821.699126561,193585.78364340242
237,"design_5.916666666666666,0.875",7,30,20,510,394611.8039263413,193469.55705540517
238,"design_5.916666666666666,0.875",7,30,25,600,394484.18110997014,193398.674487259
239,"design_5.916666666666666,0.875",7,30,30,660,394400.50349595596,193352.2061795271
240,"design_5.916666666666666,0.875",7,35,10,420,397479.65261760296,194881.82874697502
241,"design_5.916666666666666,0.875",7,35,15,525,397054.4428177912,194649.04292254787
242,"design_5.916666666666666,0.875",7,35,20,595,396847.6643259052,194535.6203442236
243,"design_5.916666666666666,0.875",7,35,25,700,396721.9638119408,194466.534387162
244,"design_5.916666666666666,0.875",7,35,30,770,396639.4997973597,194421.18307932536
245,"design_5.916666666666666,0.875",7,40,10,480,398631.0559773685,195574.04227626536
246,"design_5.916666666666666,0.875",7,40,15,600,398209.78850059904,195345.04823294043
247,"design_5.916666666666666,0.875",7,40,20,680,398004.6798929941,195233.35936986608
248,"design_5.916666666666666,0.875",7,40,25,800,397880.1536228949,195165.35533047572
249,"design_5.916666666666666,0.875",7,40,30,880,397798.42965102586,195120.66923012704
250,"design_5.916666666666666,0.875",12,20,10,340,392232.18574535695,194184.1525982809
251,"design_5.916666666666666,0.875",12,20,15,400,391620.50352408795,193832.47540162958
252,"design_5.916666666666666,0.875",12,20,20,440,391309.05854101316,193656.18790134235
253,"design_5.916666666666666,0.875",12,20,25,500,391122.2721341248,193549.4589725877
254,"design_5.916666666666666,0.875",12,20,30,540,390997.19492490153,193478.5201051006
255,"design_5.916666666666666,0.875",12,25,10,425,400245.13445129077,197479.322890184
256,"design_5.916666666666666,0.875",12,25,15,500,399664.54704004026,197159.7208115014
257,"design_5.916666666666666,0.875",12,25,20,550,399372.83478853345,197000.38140941126
258,"design_5.916666666666666,0.875",12,25,25,625,399197.0682416977,196903.75324214602
259,"design_5.916666666666666,0.875",12,25,30,675,399080.1009994042,196839.70494016408
260,"design_5.916666666666666,0.875",12,30,10,510,403559.15661440295,199142.59803637865
261,"design_5.916666666666666,0.875",12,30,15,600,402996.88600382686,198840.39655843572
262,"design_5.916666666666666,0.875",12,30,20,660,402716.16972093825,198690.20869481747
263,"design_5.916666666666666,0.875",12,30,25,750,402546.8088823016,198598.9914708773
264,"design_5.916666666666666,0.875",12,30,30,810,402434.42482279375,198538.6253488339
265,"design_5.916666666666666,0.875",12,35,10,595,405245.04803957714,199936.57795491235
266,"design_5.916666666666666,0.875",12,35,15,700,404695.4050708303,199644.32759061814
267,"design_5.916666666666666,0.875",12,35,20,770,404422.14016437216,199499.3455389123
268,"design_5.916666666666666,0.875",12,35,25,875,404257.1185501504,199411.27112533638
269,"design_5.916666666666666,0.875",12,35,30,945,404147.69041943806,199352.95824657162
270,"design_5.916666666666666,0.875",12,40,10,680,406096.6460317654,200432.8524450315
271,"design_5.916666666666666,0.875",12,40,15,800,405554.65392315155,200146.82646666848
272,"design_5.916666666666666,0.875",12,40,20,880,405285.7590792675,200004.99796362457
273,"design_5.916666666666666,0.875",12,40,25,1000,405123.1889160342,199918.77189613183
274,"design_5.916666666666666,0.875",12,40,30,1080,405015.65680182836,199861.7885475477
275,"design_5.916666666666666,0.875",17,20,10,440,395490.8689696052,196593.41571791924
276,"design_5.916666666666666,0.875",17,20,15,500,394780.7474496259,196195.7799683281
277,"design_5.916666666666666,0.875",17,20,20,540,394414.1530718055,195992.40826779883
278,"design_5.916666666666666,0.875",17,20,25,600,394195.27524038486,195869.93440630296
279,"design_5.916666666666666,0.875",17,20,30,640,394047.7847047628,195787.82156557636
280,"design_5.916666666666666,0.875",17,25,10,550,403187.6265626899,199583.8623442013
281,"design_5.916666666666666,0.875",17,25,15,625,402515.67389721406,199220.87128212382
282,"design_5.916666666666666,0.875",17,25,20,675,402173.66488473344,199036.89616634732
283,"design_5.916666666666666,0.875",17,25,25,750,401968.42231110943,198925.78955828477
284,"design_5.916666666666666,0.875",17,25,30,800,401831.1522467086,198851.58928758316
285,"design_5.916666666666666,0.875",17,30,10,660,406312.511849178,201090.64605275576
286,"design_5.916666666666666,0.875",17,30,15,750,405663.3600831358,200746.94334826083
287,"design_5.916666666666666,0.875",17,30,20,810,405335.6135368488,200573.69143200602
288,"design_5.916666666666666,0.875",17,30,25,900,405138.6111821092,200468.89388250472
289,"design_5.916666666666666,0.875",17,30,30,960,405007.17129583174,200399.08747263975
290,"design_5.916666666666666,0.875",17,35,10,770,407873.94529136544,201797.37716495583
291,"design_5.916666666666666,0.875",17,35,15,875,407241.0711614697,201465.01226663246
292,"design_5.916666666666666,0.875",17,35,20,945,406922.75742916856,201297.91703669963
293,"design_5.916666666666666,0.875",17,35,25,1050,406731.0700565976,201196.71364175793
294,"design_5.916666666666666,0.875",17,35,30,1120,406603.54751142126,201129.42475364523
295,"design_5.916666666666666,0.875",17,40,10,880,408648.88003011176,202232.3596537059
296,"design_5.916666666666666,0.875",17,40,15,1000,408025.9514035063,201906.9390745342
297,"design_5.916666666666666,0.875",17,40,20,1080,407713.63092949067,201743.5947214561
298,"design_5.916666666666666,0.875",17,40,25,1200,407525.3595722681,201644.66697218083
299,"design_5.916666666666666,0.875",17,40,30,1280,407400.3425572987,201578.91808837673
300,"design_9.416666666666666,1.875",2,20,10,140,1134984.8932363242,595135.8295011325
301,"design_9.416666666666666,1.875",2,20,15,200,1134088.9781635343,594371.7669118659
302,"design_9.416666666666666,1.875",2,20,20,240,1133645.2133733057,593991.6246465051
303,"design_9.416666666666666,1.875",2,20,25,300,1133377.7834446083,593760.9819657111
304,"design_9.416666666666666,1.875",2,20,30,340,1133200.274864474,593607.8519400974
305,"design_9.416666666666666,1.875",2,25,10,175,1157012.2777492865,606461.0792693474
306,"design_9.416666666666666,1.875",2,25,15,250,1156104.9039337111,605707.3301440742
307,"design_9.416666666666666,1.875",2,25,20,300,1155656.9820815213,605330.7747378674
308,"design_9.416666666666666,1.875",2,25,25,375,1155385.627115813,605103.2516414728
309,"design_9.416666666666666,1.875",2,25,30,425,1155206.6911823233,604951.3551542874
310,"design_9.416666666666666,1.875",2,30,10,210,1166793.6331255357,612285.7584727597
311,"design_9.416666666666666,1.875",2,30,15,300,1165884.7805648341,611535.1224612483
312,"design_9.416666666666666,1.875",2,30,20,360,1165434.7294775948,611161.2444813888
313,"design_9.416666666666666,1.875",2,30,25,450,1165163.4132397133,610934.4128193335
314,"design_9.416666666666666,1.875",2,30,30,510,1164983.382373831,610783.7464309296
315,"design_9.416666666666666,1.875",2,35,10,245,1171747.829813199,615631.6055391353
316,"design_9.416666666666666,1.875",2,35,15,350,1170838.699992271,614883.9361462197
317,"design_9.416666666666666,1.875",2,35,20,420,1170388.542410253,614511.5680931897
318,"design_9.416666666666666,1.875",2,35,25,525,1170117.115674029,614285.6184378635
319,"design_9.416666666666666,1.875",2,35,30,595,1169937.030399428,614135.5525652609
320,"design_9.416666666666666,1.875",2,40,10,280,1174883.8720751537,617709.4393029214
321,"design_9.416666666666666,1.875",2,40,15,400,1173976.0435133346,616964.2017535251
322,"design_9.416666666666666,1.875",2,40,20,480,1173526.4462903198,616592.9912514213
323,"design_9.416666666666666,1.875",2,40,25,600,1173255.340294847,616367.698502195
324,"design_9.416666666666666,1.875",2,40,30,680,1173075.466303233,616218.0731341521
325,"design_9.416666666666666,1.875",7,20,10,240,1330379.7619089629,705475.8972111027
326,"design_9.416666666666666,1.875",7,20,15,300,1328068.041367619,703936.0004497065
327,"design_9.416666666666666,1.875",7,20,20,340,1326929.405943933,703184.3783896999
328,"design_9.416666666666666,1.875",7,20,25,400,1326239.6843991093,702725.0750462587
329,"design_9.416666666666666,1.875",7,20,30,440,1325784.9728442924,702423.5206622959
330,"design_9.416666666666666,1.875",7,25,10,300,1345779.6819433523,714165.2980363788
331,"design_9.416666666666666,1.875",7,25,15,375,1343538.1765038574,712733.5341056155
332,"design_9.416666666666666,1.875",7,25,20,425,1342439.350009718,712032.1284352982
333,"design_9.416666666666666,1.875",7,25,25,500,1341772.8624406655,711604.3172131628
334,"design_9.416666666666666,1.875",7,25,30,550,1341334.1872310056,711323.0611677766
335,"design_9.416666666666666,1.875",7,30,10,360,1352375.2384054293,719475.0560590068
336,"design_9.416666666666666,1.875",7,30,15,450,1350167.1361609965,718096.3892317724
337,"design_9.416666666666666,1.875",7,30,20,510,1349086.628220628,717420.955475139
338,"design_9.416666666666666,1.875",7,30,25,600,1348431.503006252,717008.4530913671
339,"design_9.416666666666666,1.875",7,30,30,660,1348000.7392587317,716737.2945112502
340,"design_9.416666666666666,1.875",7,35,10,420,1356624.1510609577,722113.6894578867
341,"design_9.416666666666666,1.875",7,35,15,525,1354441.9334694282,720762.5582901896
342,"design_9.416666666666666,1.875",7,35,20,595,1353373.685166837,720100.4665944431
343,"design_9.416666666666666,1.875",7,35,25,700,1352726.5051651243,719696.1460033845
344,"design_9.416666666666666,1.875",7,35,30,770,1352300.718563365,719430.3393744864
345,"design_9.416666666666666,1.875",7,40,10,480,1359257.6574540732,724275.5666046771
346,"design_9.416666666666666,1.875",7,40,15,600,1357086.0558178572,722940.6591151094
347,"design_9.416666666666666,1.875",7,40,20,680,1356024.0721101526,722285.9909326216
348,"design_9.416666666666666,1.875",7,40,25,800,1355381.2746064074,721886.5133696534
349,"design_9.416666666666666,1.875",7,40,30,880,1354958.3668206686,721623.4262647327
350,"design_9.416666666666666,1.875",12,20,10,340,1350923.011244803,727468.8192846979
351,"design_9.416666666666666,1.875",12,20,15,400,1347964.2236567005,725588.4792329299
352,"design_9.416666666666666,1.875",12,20,20,440,1346470.6752612896,724642.6067187384
353,"design_9.416666666666666,1.875",12,20,25,500,1345574.1801221299,724068.0647906972
354,"design_9.416666666666666,1.875",12,20,30,540,1344976.3345268192,723686.223044847
355,"design_9.416666666666666,1.875",12,25,10,425,1364683.1831153508,734305.7030259831
356,"design_9.416666666666666,1.875",12,25,15,500,1361835.8101034062,732552.0329897793
357,"design_9.416666666666666,1.875",12,25,20,550,1360408.4333186198,731672.2337286307
358,"design_9.416666666666666,1.875",12,25,25,625,1359550.064610693,731137.5350265048
359,"design_9.416666666666666,1.875",12,25,30,675,1358979.6382452704,730782.3192364721
360,"design_9.416666666666666,1.875",12,30,10,510,1370488.8300279144,738502.5079173796
361,"design_9.416666666666666,1.875",12,30,15,600,1367699.476358645,736812.3187814581
362,"design_9.416666666666666,1.875",12,30,20,660,1366307.6670510182,735966.948813422
363,"design_9.416666666666666,1.875",12,30,25,750,1365468.3325700823,735452.4736709
364,"design_9.416666666666666,1.875",12,30,30,810,1364912.0064700765,735111.1641949881
365,"design_9.416666666666666,1.875",12,35,10,595,1374102.6559784764,740712.2899484328
366,"design_9.416666666666666,1.875",12,35,15,700,1371348.08251419,739057.4353924181
367,"design_9.416666666666666,1.875",12,35,20,770,1369976.1687120001,738229.4989500024
368,"design_9.416666666666666,1.875",12,35,25,875,1369150.2714981697,737726.5041870263
369,"design_9.416666666666666,1.875",12,35,30,945,1368602.485644049,737392.6391844254
370,"design_9.416666666666666,1.875",12,40,10,680,1376425.770530108,742503.5819609547
371,"design_9.416666666666666,1.875",12,40,15,800,1373690.2131309693,740867.9508149843
372,"design_9.416666666666666,1.875",12,40,20,880,1372330.2930968169,740050.6734240747
373,"design_9.416666666666666,1.875",12,40,25,1000,1371509.548489366,739553.6872841384
374,"design_9.416666666666666,1.875",12,40,30,1080,1370966.7856290776,739224.1822822641
375,"design_9.416666666666666,1.875",17,20,10,440,1359221.8310963074,735679.3934818134
376,"design_9.416666666666666,1.875",17,20,15,500,1355853.0228695343,733572.7617941564
377,"design_9.416666666666666,1.875",17,20,20,540,1354133.351839514,732497.0669258303
378,"design_9.416666666666666,1.875",17,20,25,600,1353100.5141544219,731844.4513864692
379,"design_9.416666666666666,1.875",17,20,30,640,1352410.2487835411,731408.3330168285
380,"design_9.416666666666666,1.875",17,25,10,550,1372612.2544371025,741926.0777300203
381,"design_9.416666666666666,1.875",17,25,15,625,1369373.916800861,739953.2976708108
382,"design_9.416666666666666,1.875",17,25,20,675,1367733.5748916925,738950.0294660195
383,"design_9.416666666666666,1.875",17,25,25,750,1366746.0245597092,738340.731112375
384,"design_9.416666666666666,1.875",17,25,30,800,1366088.289732972,737934.265231382
385,"design_9.416666666666666,1.875",17,30,10,660,1378170.5797843167,745843.612475593
386,"design_9.416666666666666,1.875",17,30,15,750,1375003.9576471846,743938.7587202163
387,"design_9.416666666666666,1.875",17,30,20,810,1373405.8152065547,742973.0900009742
388,"design_9.416666666666666,1.875",17,30,25,900,1372441.9203257877,742386.2598163794
389,"design_9.416666666666666,1.875",17,30,30,960,1371801.1496751863,741995.3980373207
390,"design_9.416666666666666,1.875",17,35,10,770,1381624.2142882023,747913.5201204282
391,"design_9.416666666666666,1.875",17,35,15,875,1378500.6110108665,746045.8592064136
392,"design_9.416666666666666,1.875",17,35,20,945,1376927.3881593987,745100.9446666889
393,"design_9.416666666666666,1.875",17,35,25,1050,1375978.4716622562,744526.5144991496
394,"design_9.416666666666666,1.875",17,35,30,1120,1375348.2869071204,744144.1644425705
395,"design_9.416666666666666,1.875",17,40,10,880,1383844.753200921,749620.8197874206
396,"design_9.416666666666666,1.875",17,40,15,1000,1380742.7916505144,747773.8022801351
397,"design_9.416666666666666,1.875",17,40,20,1080,1379184.510479747,746840.4779846763
398,"design_9.416666666666666,1.875",17,40,25,1200,1378243.129216761,746272.5977146715
399,"design_9.416666666666666,1.875",17,40,30,1280,1377619.1029230482,745895.3151046454
400,"design_7.083333333333333,1.375",2,20,10,140,524759.1993376943,265776.4325850174
401,"design_7.083333333333333,1.375",2,20,15,200,524332.7958285528,265446.77664710174
402,"design_7.083333333333333,1.375",2,20,20,240,524121.11132721376,265281.5088072635
403,"design_7.083333333333333,1.375",2,20,25,300,523993.2071490059,265181.6204111526
404,"design_7.083333333333333,1.375",2,20,30,340,523908.71456240176,265114.83863136166
405,"design_7.083333333333333,1.375",2,25,10,175,536146.2355565224,270985.48495654366
406,"design_7.083333333333333,1.375",2,25,15,250,535717.035626273,270657.5549893805
407,"design_7.083333333333333,1.375",2,25,20,300,535503.0378296927,270493.4934754783
408,"design_7.083333333333333,1.375",2,25,25,375,535373.9310194496,270394.0563511607
409,"design_7.083333333333333,1.375",2,25,30,425,535288.4356409855,270327.8138548173
410,"design_7.083333333333333,1.375",2,30,10,210,541025.2723021554,273618.7143493737
411,"design_7.083333333333333,1.375",2,30,15,300,540595.163880853,273292.0313664478
412,"design_7.083333333333333,1.375",2,30,20,360,540381.2131474809,273128.12566879985
413,"design_7.083333333333333,1.375",2,30,25,450,540251.9133475939,273029.0255778185
414,"design_7.083333333333333,1.375",2,30,30,510,540166.4789818043,272962.81331338076
415,"design_7.083333333333333,1.375",2,35,10,245,543348.3276151074,275197.4128518901
416,"design_7.083333333333333,1.375",2,35,15,350,542917.9097097467,274871.5996922575
417,"design_7.083333333333333,1.375",2,35,20,420,542703.8197328612,274708.16170498944
418,"design_7.083333333333333,1.375",2,35,25,525,542574.4188057546,274609.32897382986
419,"design_7.083333333333333,1.375",2,35,30,595,542488.921772177,274543.29582547914
420,"design_7.083333333333333,1.375",2,40,10,280,544703.0850916707,276193.0798628585
421,"design_7.083333333333333,1.375",2,40,15,400,544272.7575902964,275867.98988233635
422,"design_7.083333333333333,1.375",2,40,20,480,544058.7542806248,275704.93540598295
423,"design_7.083333333333333,1.375",2,40,25,600,543929.3991137275,275606.3215991487
424,"design_7.083333333333333,1.375",2,40,30,680,543843.9214715295,275540.43540965277
425,"design_7.083333333333333,1.375",7,20,10,240,625330.6521660053,318076.37487981544
426,"design_7.083333333333333,1.375",7,20,15,300,624295.6488448911,317437.2476543968
427,"design_7.083333333333333,1.375",7,20,20,340,623785.4314088778,317124.7749788577
428,"design_7.083333333333333,1.375",7,20,25,400,623477.2512844481,316934.1951264362
429,"design_7.083333333333333,1.375",7,20,30,440,623272.0433024123,316808.5583731728
430,"design_7.083333333333333,1.375",7,25,10,300,633008.1597284632,322462.6112759598
431,"design_7.083333333333333,1.375",7,25,15,375,632005.7516828342,321862.3626631542
432,"design_7.083333333333333,1.375",7,25,20,425,631513.8859450243,321568.39150511776
433,"design_7.083333333333333,1.375",7,25,25,500,631215.8435247645,321389.1607751296
434,"design_7.083333333333333,1.375",7,25,30,550,631018.4110138228,321271.05378070776
435,"design_7.083333333333333,1.375",7,30,10,360,636633.4153894569,324686.68118032574
436,"design_7.083333333333333,1.375",7,30,15,450,635648.3970333139,324106.6793970339
437,"design_7.083333333333333,1.375",7,30,20,510,635165.9588782017,323822.30071984016
438,"design_7.083333333333333,1.375",7,30,25,600,634873.93182083,323648.9900033908
439,"design_7.083333333333333,1.375",7,30,30,660,634680.7338030725,323534.5817079757
440,"design_7.083333333333333,1.375",7,35,10,420,638383.8288967763,326176.78993328515
441,"design_7.083333333333333,1.375",7,35,15,525,637409.078994428,325607.0908418322
442,"design_7.083333333333333,1.375",7,35,20,595,636931.5064486867,325327.6915864849
443,"design_7.083333333333333,1.375",7,35,25,700,636642.16277513,325157.61329209467
444,"design_7.083333333333333,1.375",7,35,30,770,636451.1442865279,325045.1921428958
445,"design_7.083333333333333,1.375",7,40,10,480,639768.887540168,327009.64412019437
446,"design_7.083333333333333,1.375",7,40,15,600,638800.6650927328,326446.1207618736
447,"design_7.083333333333333,1.375",7,40,20,680,638326.648704328,326169.66744430544
448,"design_7.083333333333333,1.375",7,40,25,800,638039.4740884526,326001.5095808692
449,"design_7.083333333333333,1.375",7,40,30,880,637850.020572851,325890.2930196823
450,"design_7.083333333333333,1.375",12,20,10,340,635566.5086815183,326967.51630678464
451,"design_7.083333333333333,1.375",12,20,15,400,634250.8092832372,326188.43940370734
452,"design_7.083333333333333,1.375",12,20,20,440,633586.3971383966,325796.4075242426
453,"design_7.083333333333333,1.375",12,20,25,500,633188.5852567513,325558.53574466344
454,"design_7.083333333333333,1.375",12,20,30,540,632919.929737118,325400.6920561722
455,"design_7.083333333333333,1.375",12,25,10,425,642374.3443390618,330608.6547517733
456,"design_7.083333333333333,1.375",12,25,15,500,641108.680509158,329876.8094443045
457,"design_7.083333333333333,1.375",12,25,20,550,640474.6059943285,329510.07525216165
458,"design_7.083333333333333,1.375",12,25,25,625,640093.4608938647,329287.265995121
459,"design_7.083333333333333,1.375",12,25,30,675,639838.1751133914,329139.5506021228
460,"design_7.083333333333333,1.375",12,30,10,510,645506.036234875,332427.0835003882
461,"design_7.083333333333333,1.375",12,30,15,600,644269.2884559096,331720.1911536767
462,"design_7.083333333333333,1.375",12,30,20,660,643652.1602851889,331366.5994488214
463,"design_7.083333333333333,1.375",12,30,25,750,643280.5324944645,331151.75949062384
464,"design_7.083333333333333,1.375",12,30,30,810,643032.5748375517,331009.3839750214
465,"design_7.083333333333333,1.375",12,35,10,595,646990.9963544646,333696.2822230026
466,"design_7.083333333333333,1.375",12,35,15,700,645768.9993905512,333003.33365760295
467,"design_7.083333333333333,1.375",12,35,20,770,645160.5161580637,332656.7163325672
468,"design_7.083333333333333,1.375",12,35,25,875,644794.1753520225,332446.5937885424
469,"design_7.083333333333333,1.375",12,35,30,945,644550.0759961299,332307.0802656222
470,"design_7.083333333333333,1.375",12,40,10,680,648159.8882482969,334411.3084089849
471,"design_7.083333333333333,1.375",12,40,15,800,646948.3071224098,333725.92998587183
472,"design_7.083333333333333,1.375",12,40,20,880,646345.867651837,333383.9968966203
473,"design_7.083333333333333,1.375",12,40,25,1000,645982.5501945906,333176.25342624675
474,"design_7.083333333333333,1.375",12,40,30,1080,645740.8761396998,333038.46734584705
475,"design_7.083333333333333,1.375",17,20,10,440,639521.9753388637,330316.0455337098
476,"design_7.083333333333333,1.375",17,20,15,500,638025.7764557429,329444.17915514606
477,"design_7.083333333333333,1.375",17,20,20,540,637261.9603107565,328999.02652748016
478,"design_7.083333333333333,1.375",17,20,25,600,636804.1532311116,328729.3197439207
479,"design_7.083333333333333,1.375",17,20,30,640,636494.9294512768,328549.60176268034
480,"design_7.083333333333333,1.375",17,25,10,550,646135.7115817794,333734.1112298411
481,"design_7.083333333333333,1.375",17,25,15,625,644698.3699117731,332912.7677105071
482,"design_7.083333333333333,1.375",17,25,20,675,643970.6704866115,332495.8346981012
483,"design_7.083333333333333,1.375",17,25,25,750,643532.9432210667,332242.6909959382
484,"design_7.083333333333333,1.375",17,25,30,800,643239.118348468,332074.34328284103
485,"design_7.083333333333333,1.375",17,30,10,660,649154.7858239447,335413.8638202517
486,"design_7.083333333333333,1.375",17,30,15,750,647752.3088759137,334619.37497987074
487,"design_7.083333333333333,1.375",17,30,20,810,647044.4544935622,334216.7674767564
488,"design_7.083333333333333,1.375",17,30,25,900,646618.376463052,333972.4677908935
489,"design_7.083333333333333,1.375",17,30,30,960,646333.2369251169,333809.9857446817
490,"design_7.083333333333333,1.375",17,35,10,770,650557.9257599049,336623.278163339
491,"design_7.083333333333333,1.375",17,35,15,875,649173.6617031752,335843.8596398511
492,"design_7.083333333333333,1.375",17,35,20,945,648476.6683998308,335449.7385565364
493,"design_7.083333333333333,1.375",17,35,25,1050,648056.6335857096,335210.5145014255
494,"design_7.083333333333333,1.375",17,35,30,1120,647776.2251671888,335051.3505726756
495,"design_7.083333333333333,1.375",17,40,10,880,651679.5782459549,337306.2773384816
496,"design_7.083333333333333,1.375",17,40,15,1000,650307.7814773488,336535.1831848888
497,"design_7.083333333333333,1.375",17,40,20,1080,649617.833719744,336145.8449824221
498,"design_7.083333333333333,1.375",17,40,25,1200,649202.0587490542,335909.6425439277
499,"design_7.083333333333333,1.375",17,40,30,1280,648924.7155340723,335752.3651806502
500,"design_4.75,1.625",2,20,10,140,195504.19083794573,77934.23369969039
501,"design_4.75,1.625",2,20,15,200,195142.30370105442,77695.48093708615
502,"design_4.75,1.625",2,20,20,240,194965.85816668937,77577.78162110814
503,"design_4.75,1.625",2,20,25,300,194858.93479212583,77506.49642025874
504,"design_4.75,1.625",2,20,30,340,194788.81831138534,77459.61123654041
505,"design_4.75,1.625",2,25,10,175,197586.01607435374,79197.81578198657
506,"design_4.75,1.625",2,25,15,250,197225.7282532278,78960.24220112574
507,"design_4.75,1.625",2,25,20,300,197050.27338422963,78843.35088422656
508,"design_4.75,1.625",2,25,25,375,196944.01347886247,78772.56700767145
509,"design_4.75,1.625",2,25,30,425,196873.94815791264,78725.95523908683
510,"design_4.75,1.625",2,30,10,210,198759.43423256392,79889.39433817142
511,"design_4.75,1.625",2,30,15,300,198400.53137199284,79653.16371951213
512,"design_4.75,1.625",2,30,20,360,198225.48088711675,79536.95418657149
513,"design_4.75,1.625",2,30,25,450,198119.4344434894,79466.65925022463
514,"design_4.75,1.625",2,30,30,510,198049.53910747045,79420.15541603956
515,"design_4.75,1.625",2,35,10,245,199472.47191806536,80360.81526586709
516,"design_4.75,1.625",2,35,15,350,199114.5979075829,80126.05067194757
517,"design_4.75,1.625",2,35,20,420,198939.9932958262,80010.41164338318
518,"design_4.75,1.625",2,35,25,525,198834.13858686684,79940.37977669369
519,"design_4.75,1.625",2,35,30,595,198764.4117753171,79894.10882113727
520,"design_4.75,1.625",2,40,10,280,199990.2258259404,80673.67052254238
521,"design_4.75,1.625",2,40,15,400,199634.44647085498,80440.07391225433
522,"design_4.75,1.625",2,40,20,480,199460.80109222585,80324.96166793753
523,"design_4.75,1.625",2,40,25,600,199355.51026466207,80255.23829234537
524,"design_4.75,1.625",2,40,30,680,199284.98354173862,80208.75937538726
525,"design_4.75,1.625",7,20,10,240,208815.0510984618,89568.66186206638
526,"design_4.75,1.625",7,20,15,300,208179.86363576,89203.29002222986
527,"design_4.75,1.625",7,20,20,340,207863.67628424137,89020.94090815687
528,"design_4.75,1.625",7,20,25,400,207673.2788950947,88910.24374056753
529,"design_4.75,1.625",7,20,30,440,207547.43207951225,88836.8932565936
530,"design_4.75,1.625",7,25,10,300,210722.4684952503,90761.5571561658
531,"design_4.75,1.625",7,25,15,375,210093.35034574388,90401.34271142956
532,"design_4.75,1.625",7,25,20,425,209780.75166535273,90221.79234577021
533,"design_4.75,1.625",7,25,25,500,209592.34871613918,90112.62753533771
534,"design_4.75,1.625",7,25,30,550,209467.89420001348,90040.46310555152
535,"design_4.75,1.625",7,30,10,360,211833.8900725749,91481.57122246687
536,"design_4.75,1.625",7,30,15,450,211206.61134435073,91123.81458831916
537,"design_4.75,1.625",7,30,20,510,210894.87218907237,90945.720303015
538,"design_4.75,1.625",7,30,25,600,210707.19112395568,90837.56392675759
539,"design_4.75,1.625",7,30,30,660,210583.18218967406,90765.87252560577
540,"design_4.75,1.625",7,35,10,420,212549.95923877732,91959.62250174854
541,"design_4.75,1.625",7,35,15,525,211923.82412439093,91603.64679316242
542,"design_4.75,1.625",7,35,20,595,211613.12008756903,91426.19822810266
543,"design_4.75,1.625",7,35,25,700,211426.02409813675,91318.59365540963
544,"design_4.75,1.625",7,35,30,770,211302.3420442381,91247.27563765972
545,"design_4.75,1.625",7,40,10,480,213077.90753812765,92276.61169172621
546,"design_4.75,1.625",7,40,15,600,212455.9137072334,91922.90887989568
547,"design_4.75,1.625",7,40,20,680,212146.2973509312,91746.3043108118
548,"design_4.75,1.625",7,40,25,800,211959.27171616902,91638.74192695411
549,"design_4.75,1.625",7,40,30,880,211836.3691053204,91567.98193578573
550,"design_4.75,1.625",12,20,10,340,210771.16473426597,91321.55490204635
551,"design_4.75,1.625",12,20,15,400,210022.6098833484,90898.71467170226
552,"design_4.75,1.625",12,20,20,440,209642.61927600516,90683.7276501455
553,"design_4.75,1.625",12,20,25,500,209412.82547541262,90552.84076518888
554,"design_4.75,1.625",12,20,30,540,209260.42714433267,90465.6575882277
555,"design_4.75,1.625",12,25,10,425,212655.44510028206,92484.03623922344
556,"design_4.75,1.625",12,25,15,500,211914.32945430564,92067.03223722152
557,"design_4.75,1.625",12,25,20,550,211538.83621865872,91855.25552539939
558,"design_4.75,1.625",12,25,25,625,211311.95782144507,91726.47601615598
559,"design_4.75,1.625",12,25,30,675,211161.14452676082,91640.6532436372
560,"design_4.75,1.625",12,30,10,510,213755.60182872717,93184.47560441199
561,"design_4.75,1.625",12,30,15,600,213017.5911681396,92770.38997680985
562,"design_4.75,1.625",12,30,20,660,212643.90844876127,92560.18102393408
563,"design_4.75,1.625",12,30,25,750,212418.0242074145,92432.38506522105
564,"design_4.75,1.625",12,30,30,810,212267.9634608189,92347.2556498261
565,"design_4.75,1.625",12,35,10,595,214490.31377073756,93650.53446552895
566,"design_4.75,1.625",12,35,15,700,213753.99700245628,93238.34441165325
567,"design_4.75,1.625",12,35,20,770,213381.15191201892,93029.07795063451
568,"design_4.75,1.625",12,35,25,875,213155.76977057732,92901.82575352534
569,"design_4.75,1.625",12,35,30,945,213006.58499650363,92817.24966198411
570,"design_4.75,1.625",12,40,10,680,215030.08899148638,93965.85819569786
571,"design_4.75,1.625",12,40,15,800,214297.63509784412,93556.00530488334
572,"design_4.75,1.625",12,40,20,880,213925.99821484345,93347.55991642365
573,"design_4.75,1.625",12,40,25,1000,213701.9080137868,93221.2096075322
574,"design_4.75,1.625",12,40,30,1080,213552.7112592015,93136.72522246522
575,"design_4.75,1.625",17,20,10,440,211798.6298097911,92102.54379279863
576,"design_4.75,1.625",17,20,15,500,210992.9865513552,91648.69580692123
577,"design_4.75,1.625",17,20,20,540,210573.4059853108,91412.37130715395
578,"design_4.75,1.625",17,20,25,600,210317.36334368723,91267.42797411686
579,"design_4.75,1.625",17,20,30,640,210146.63013318874,91170.49966694872
580,"design_4.75,1.625",17,25,10,550,213676.40128981488,93257.81204832625
581,"design_4.75,1.625",17,25,15,625,212878.89611692453,92809.6838942625
582,"design_4.75,1.625",17,25,20,675,212464.17070460037,92576.78201892339
583,"design_4.75,1.625",17,25,25,750,212211.2826324892,92434.13162389955
584,"design_4.75,1.625",17,25,30,800,212042.4335539226,92338.67871160679
585,"design_4.75,1.625",17,30,10,660,214788.30732631296,93953.7829812506
586,"design_4.75,1.625",17,30,15,750,213994.00161740917,93508.73390071615
587,"design_4.75,1.625",17,30,20,810,213581.59063049714,93277.68359456673
588,"design_4.75,1.625",17,30,25,900,213329.83960499955,93136.1100919366
589,"design_4.75,1.625",17,30,30,960,213161.8797891667,93041.43895332653
590,"design_4.75,1.625",17,35,10,770,215514.33349795922,94421.6932354767
591,"design_4.75,1.625",17,35,15,875,214722.2573653847,93978.64538261347
592,"design_4.75,1.625",17,35,20,945,214311.2002843769,93748.70835886791
593,"design_4.75,1.625",17,35,25,1050,214060.34856022793,93607.83803176384
594,"design_4.75,1.625",17,35,30,1120,213892.8306886747,93513.60919931531
595,"design_4.75,1.625",17,40,10,880,216057.89849335144,94733.0214307537
596,"design_4.75,1.625",17,40,15,1000,215268.62483743287,94291.906531966
597,"design_4.75,1.625",17,40,20,1080,214858.79896219866,94062.85155997847
598,"design_4.75,1.625",17,40,25,1200,214608.2443440814,93922.37464518649
599,"design_4.75,1.625",17,40,30,1280,214441.51390344245,93828.60521354584
