9.99989625138468,0.10000388399616805,6.391040433662525,-33.34420274618728,39.277359537472634,6.3690936488562775,-31.910711789163514,-45.25252393186833,6.38205978695626,-65.13402150531488,-4.303069280585794,6.364137156092637
9.99626283176094,0.10000347243047923,6.391139924345498,-33.2040016391353,39.117528463919946,6.3690936488562775,-31.912417945821332,-45.25252393186833,6.366916518201372,-65.540258478528,-4.3043405843745886,6.353803966312335
9.999918357199666,0.10001640766483791,6.3880817431494465,-33.337024951112376,39.281070078585195,6.353306166297751,-31.913164329057402,-43.17645437851773,6.379944552378479,-65.39006837425174,-4.1629163457540095,6.31965521072403
9.999976673343431,0.10000104650722351,6.390378345823384,-33.48152982331389,38.51701650874983,6.3557728227624155,-31.88699788130615,-43.282385411650445,6.34490614810896,-65.42391702549045,-4.1662435237534545,6.337715128020923
9.999921275690184,0.10000052429185818,6.385713193475763,-33.89066898193874,39.459849819830886,6.380837260340378,-31.80408173302491,-42.28152505462115,6.3820351128672845,-65.45934151432675,-4.872018538660377,6.322213698035186
9.999921275690184,0.10000131146227463,6.38796434160208,-33.65535947382157,39.459849819830886,6.380837260340378,-33.81665976492829,-42.2835296683177,6.3820595565617175,-65.45934151432675,-3.212456493829844,6.321335302600793
9.999862516620878,0.10000309805675746,6.3880817431494465,-33.337024951112376,39.281070078585195,6.353306166297751,-31.901524810967263,-41.81998320251569,6.379944552378479,-65.39006837425174,-4.1629163457540095,6.3195595905607505
9.999983585281033,0.10001603714801682,6.388040224424207,-33.48152982331389,37.25897246132029,6.367948941225036,-31.798650058760597,-43.282385411650445,6.379939354999252,-65.83650797001198,-4.1662435237534545,6.357761690351336
9.999976673343431,0.10000002933190026,6.390378345823384,-33.45801103072841,37.25897246132029,6.368032793992664,-31.88699788130615,-43.282385411650445,6.342137831874086,-68.44715180135012,-4.2440085788174216,6.357761690351336
9.999924510485414,0.10001645478007921,6.3880222097008765,-33.351422228944635,37.25854397514877,6.336606643311226,-31.917873775107445,-42.37148161467415,6.381833809228776,-68.22079639916366,-4.28892021692789,6.351480102669894
9.999998945369361,0.10000233718093213,6.388324389653778,-33.4833091798807,37.54453040083945,6.352151400949169,-31.911218744829796,-41.66939556440999,6.381841764764687,-68.2249178316952,-4.973761903400926,6.351410701084942
9.999996641745897,0.10000151228020397,6.3911131537646755,-33.4833091798807,37.29437604319354,6.374371330415107,-31.911218744829796,-41.66939556440999,6.381967943349315,-68.61586182146192,-5.016768118158926,6.361662690848157
9.999996641745897,0.10000151228020397,6.3904188099065165,-36.36107762485266,37.257480704324024,6.3682635636070755,-33.98314437894907,-41.47646907964288,6.382044779190222,-68.61586182146192,-4.18041551619739,6.363297468720242
9.999894042597813,0.10000233718093213,6.388324389653778,-33.4833091798807,37.54453040083945,6.352069936253018,-31.911218744829796,-40.861205063479396,6.344566777459106,-68.2249178316952,-4.972741255159048,6.346873238346728
9.999896256413356,0.10000234650561488,6.388324389653778,-33.480762926626774,37.54453040083945,6.352069936253018,-31.911218744829796,-40.861205063479396,6.344566777459106,-68.2249178316952,-4.972741255159048,6.346873238346728
9.999859186374556,0.10000149109020853,6.392665503752171,-36.485388918691434,37.28447626175931,6.353315148090996,-33.61134164027,-40.879263185078464,6.385390562709044,-68.65786496578536,-5.02000765408113,6.3437766995426195
9.999870732684892,0.10000149109020853,6.3927040230451695,-36.58245060253214,37.28447626175931,6.353315148090996,-33.61134164027,-40.84256632330693,6.383154148406333,-68.65786496578536,-5.02000765408113,6.342831713098889
9.998444555125173,0.10000150817205927,6.388093406379039,-36.64039303119498,35.68487646683662,6.352880218230563,-33.82375063039823,-42.38418635335306,6.363656753508183,-68.6185181114888,-6.222884127227494,6.342730953457833
9.999872352402924,0.10000004541039659,6.391087473102305,-36.59539758514745,35.51920599950081,6.39133815567772,-33.938591920837354,-42.3680966574577,6.384002515137422,-68.87280139031716,-5.160843677549932,6.342558964542982
9.999908555575459,0.10000004541039659,6.390610111660545,-36.59470650852264,35.51920599950081,6.353250261094729,-33.93911709516294,-42.32604642005216,6.381967943349315,-68.37973226545328,-5.190098144827076,6.342558964542982
9.999786320768592,0.10000345474211236,6.388094921328501,-36.581781814390986,35.31376514867637,6.352260936211138,-33.8200654887906,-42.38418635335306,6.383906012367946,-68.61206156861672,-4.296865860438553,6.342730953457833
9.998412427563684,0.10000171176261713,6.388230972672854,-36.581781814390986,35.29752539531257,6.352198614846429,-33.82375063039823,-42.38418635335306,6.363662179778278,-68.6185181114888,-4.296865860438553,6.342730953457833
9.999859490157133,0.10000051244844622,6.388176914464894,-36.5668942236365,35.18122792146132,6.353199681822079,-33.64685130634298,-42.3183957647957,6.382032924742123,-68.72393381561074,-5.006168110535131,6.326033276656133
9.999995281772213,0.10000052588609051,6.3880203074567685,-36.4513207660598,35.19112770289554,6.354168202076851,-33.64764204342286,-42.182858722786605,6.3818317745239455,-68.57123140797162,-4.985827026773016,6.32618759190826
9.999991993300082,0.10000053363862868,6.387962439357971,-36.562215128191426,35.19112770289554,6.382706509018163,-33.64764204342286,-42.159827954312824,6.3818317745239455,-68.5311502116756,-4.985827026773016,6.32618759190826
9.999981029309435,0.10000030943853606,6.391000881474037,-36.572186565901525,35.19442498179947,6.383132840840276,-33.91159914144403,-42.0918049315749,6.384088323857165,-68.53003666375808,-4.99190956336709,6.326386784003266
9.999201171737683,0.1000046320798197,6.39113999655058,-36.58269512687829,35.518425492373794,6.3815533226728505,-33.93956934070145,-41.71737328939331,6.382065895343268,-69.00972569520893,-4.509103197772656,6.353744862771851
9.999910837987283,0.10000387133399613,6.391142258684797,-36.58269512687829,35.42318885144833,6.369431953834465,-34.023999862381864,-41.71288831727671,6.383158237582484,-69.00972569520893,-4.303305051725076,6.3428769268613
9.999783117150693,0.10000137312812393,6.392665503752171,-36.485388918691434,35.89923291527109,6.353315148090996,-33.89558062796005,-40.879263185078464,6.383904189762632,-68.65753367779604,-3.282051995809973,6.344048604002916
9.999858243244399,0.10000136309557928,6.392665503752171,-36.485388918691434,35.88377567497905,6.353315148090996,-33.886013117230064,-40.879263185078464,6.385390562709044,-68.65786496578536,-3.282051995809973,6.344048604002916
9.999951499379309,0.10001419053642356,6.390605008900755,-36.56677775290062,35.76276652966235,6.382666473705495,-33.845446489537316,-40.878490594162294,6.383283776267598,-69.02525495947415,-5.192088391088381,6.346459317699372
9.99988579514422,0.10000150817205927,6.388093406379039,-36.61365154816777,35.68487646683662,6.3903170110569265,-33.824064102093,-40.87473236936188,6.363691072785866,-68.6185181114888,-4.503534908487609,6.342730953457833
9.99987326323952,0.10000505001099716,6.391040816822587,-36.613353399930304,35.75766530025697,6.390846960833801,-33.889541714157836,-40.693145026093134,6.383863439773543,-69.78690599686716,-4.514929351383415,6.3417198820419385
9.999869699224321,0.10000505001099716,6.391116382990227,-36.55635785166514,35.75766530025697,6.374654845402691,-33.889541714157836,-40.693145026093134,6.382019026425136,-69.78690599686716,-4.514929351383415,6.361971341131285
9.999862823948849,0.1000056941297655,6.391040816822587,-36.48333583313939,35.30167214945851,6.352296349046528,-33.614230289241746,-40.88548070299295,6.384088323857165,-68.66298213115262,-5.036118460253763,6.3417333657162605
9.99987326323952,0.10000505001099716,6.391040816822587,-36.58247107179273,35.30505739883371,6.352246542089058,-33.90371480849614,-40.84487058159435,6.364686298312392,-69.78640440243545,-4.330234723796219,6.341708773580502
9.99987326323952,0.10000505001099716,6.391040816822587,-36.58247107179273,35.30503378618755,6.3522614967837345,-33.91159914144403,-40.693145026093134,6.384088323857165,-69.78690599686716,-4.514929351383415,6.3417198820419385
9.999858433553102,0.10000459317185215,6.391157621556134,-36.584039839199455,35.17916239360893,6.3522614967837345,-33.91159914144403,-40.693145026093134,6.384113150887167,-69.72337795203536,-4.514929351383415,6.343757280909861
9.999996641745897,0.10010710769932801,6.391087966129345,-36.564733247738445,34.16928703150208,6.353046872098008,-33.911201532386336,-41.6592910110327,6.381967943349315,-68.66562358262263,-5.022143677614377,6.361662690848157
9.998153895315419,0.10001168092951757,6.392640451918181,-36.06929432152581,35.19148329796404,6.353169475099839,-33.39335221169298,-40.44730599442203,6.34452522910769,-69.90426048232086,-5.185368830241675,6.326042091580679
9.999980175793159,0.1000057025947607,6.391040816822587,-36.572186565901525,35.05059058185795,6.3532358816518615,-33.91159914144403,-40.410121877479696,6.384088323857165,-69.73940763455545,-4.514929351383415,6.3417333657162605
9.999980175793159,0.10003454900969978,6.391040816822587,-36.572186565901525,34.89390355970617,6.2711917976171065,-33.91159914144403,-40.410121877479696,6.364749415326196,-69.73940763455545,-4.514929351383415,6.3417333657162605
9.999980175793159,0.1000057025947607,6.391040816822587,-36.58247107179273,35.30167214945851,6.352296349046528,-33.91159914144403,-39.49355475521354,6.384088323857165,-69.78690599686716,-4.514929351383415,6.3417333657162605
9.999979005081864,0.10000505072625433,6.391040816822587,-36.581678706950306,35.05059058185795,6.352027136285871,-33.889454899376425,-39.49355475521354,6.383864490587522,-69.73940763455545,-4.514929351383415,6.3417333657162605
9.999980175793159,0.1000057025947607,6.391040816822587,-36.58247107179273,35.05059058185795,6.3532358816518615,-33.91159914144403,-39.49355475521354,6.384088323857165,-69.73940763455545,-4.514929351383415,6.3417333657162605
9.968274489359375,0.10000002572803925,6.378031941287156,-39.452540988318084,30.478923796647337,6.425258517321884,-29.03683170944626,-43.284991861092934,6.343829307852623,-68.45158922712781,-11.56161927067549,6.35175018067869
9.967992557384518,0.10000002572803925,6.378607986646837,-39.452540988318084,30.478923796647337,6.294477783321584,-29.130579883188254,-42.283286028428485,6.34501040207598,-68.57186646141459,-11.56161927067549,6.343636066643698
9.967992557384518,0.10000002572803925,6.436201533386379,-39.452540988318084,30.478923796647337,6.294477783321584,-29.130579883188254,-42.26021315439681,6.354927913542265,-68.57186646141459,-11.56161927067549,6.343636066643698
9.991599501384364,0.1000051570877493,6.417458429026178,-39.53760196266862,30.730855283991357,6.295593625414881,-29.13061018063336,-41.717793145718886,6.380180648359167,-69.03950599459606,-11.292587418846948,6.343590043587597
9.991599501384364,0.1000051570877493,6.385883945865417,-39.53760196266862,30.71112318544292,6.293853380527937,-29.13061018063336,-41.717793145718886,6.380180648359167,-69.03950599459606,-11.292587418846948,6.343590043587597
9.921721494822918,0.10000114526524041,6.386900190891335,-39.53616632699503,29.984582258739035,6.292873190846958,-29.098156911651305,-42.35857898846919,6.344294686073277,-68.61045261123925,-12.059843206810692,6.357953285551129
9.921721494822918,0.10000078183465116,6.387684700861504,-39.53616632699503,29.975277258996755,6.292873190846958,-29.098156911651305,-42.356426469351064,6.344728551958774,-68.61045261123925,-11.990842403023834,6.357953285551129
9.928863021236632,0.10001722704585758,6.408425327438583,-39.42070146536429,30.32642357819117,6.291119302551318,-29.091300796626783,-41.71819540423158,6.381111485553263,-69.04001954354071,-11.292587418846948,6.258697968336045
9.928863021236632,0.1002303793820551,6.417711072801351,-39.696335585545256,30.00365581710237,6.295593625414881,-29.08001009844524,-41.717793145718886,6.38174883413082,-69.02496817950589,-11.292587418846948,6.258697968336045
9.900424031774145,0.10001333440554577,6.3927188527377306,-39.57316073025611,29.908640282353172,6.2938002417386905,-29.177827304401966,-41.72419808534721,6.360389245507596,-69.06682691823808,-11.570872879938834,6.2271351981640075
9.898648181826884,0.10000785431408114,6.338738981053168,-39.536735098736216,29.961703347651277,6.273595382618119,-28.44244131781546,-41.43688313348894,6.383523726445738,-69.88888252999146,-13.527813401156322,6.266400408448192
9.898648181826884,0.10001331518888823,6.338738981053168,-39.536735098736216,29.8199927325916,6.298496574376977,-28.423713473817077,-41.39188414067928,6.293074056743315,-69.88888252999146,-13.469853461120104,6.2643392530159465
9.879891042033925,0.10000113250117994,6.370843194551692,-39.494104861954085,30.318830473177957,6.292954346776512,-28.341443491428628,-40.59145644399853,6.380885455264214,-68.58879912686244,-11.507106629861555,6.27270570961701
9.880103102620795,0.10000036009883931,6.387484118472806,-39.49457404067013,29.924318385443655,6.308100677992582,-28.370197700170493,-40.67541901231335,6.34596749970863,-68.71860351057923,-11.990842403023834,6.27256167665431
9.894433338556636,0.10000861073091938,6.391115170486701,-39.55482718739262,29.797640205017466,6.320222427583985,-28.389013128746207,-40.57194169235629,6.383662679714567,-69.9070658394061,-13.560828991483332,6.358642799018824
9.897263158014438,0.10000933139122904,6.390653176998403,-39.55482718739262,29.797640205017466,6.323578862478091,-28.416901079669795,-40.54978559755436,6.297563611597442,-69.91751737427776,-11.518884630326275,6.358642799018824
9.706742053015164,0.10000495230589787,6.385636164736782,-39.470278026152975,28.81966633957937,6.293827842013179,-29.177212444988825,-41.39366689516861,6.357859758530827,-69.00749429144545,-13.015143506508307,6.231280182972399
9.706742053015164,0.1000132553892633,6.385636164736782,-39.46748916816206,28.79420448445488,6.293827842013179,-29.177212444988825,-41.39366689516861,6.360168526924444,-69.00749429144545,-13.015143506508307,6.231280182972399
9.70252296108668,0.1000376755102307,6.349555275395389,-39.55393439419327,28.180730373101127,6.292865991366049,-29.404735845533974,-41.71625686665509,6.385019874221433,-69.00749429144545,-13.032085870183083,6.271392076947219
9.70252296108668,0.10000645970551178,6.388056122434125,-39.526698357385605,28.139043332075296,6.292865991366049,-29.365876740479283,-41.717793145718886,6.334494991047534,-69.00749429144545,-13.032085870183083,6.271360548376461
9.706742053015164,0.10000784061230461,6.383313515786097,-39.53617177165895,28.180730373101127,6.293827842013179,-29.13061018063336,-41.43677841592948,6.383705979865774,-69.00749429144545,-13.015143506508307,6.231280182972399
9.706742053015164,0.10001331649746525,6.385636164736782,-39.534062459677386,28.180730373101127,6.293827842013179,-29.13037523931014,-41.39236602746251,6.360136131904651,-69.06762924445364,-11.54961460972672,6.231280182972399
9.706742053015164,0.10001355200032866,6.385570861923639,-39.69169144981868,28.180730373101127,6.293827842013179,-29.13037523931014,-40.263957986580095,6.354597954965006,-69.06762924445364,-11.627158906605016,6.231280182972399
9.56331407661671,0.10000389521126897,6.313106984521107,-39.53619267570299,26.929725343058386,6.334667403480844,-29.531296498555896,-42.39109315265706,6.3420415419082765,-68.51291285978974,-13.573886533633392,6.267338363622604
9.706742053015164,0.10000721487588443,6.441701251253589,-39.53617177165895,28.180730373101127,6.256059439703276,-28.616196875739057,-39.96324971242809,6.383705979865774,-69.00749429144545,-11.53187159295966,6.231280182972399
9.561707633584332,0.10000389521126897,6.313481846897781,-39.53619267570299,27.100656670245396,6.298275135605257,-29.531296498555896,-41.35207958955174,6.3420415419082765,-68.52622880756077,-13.573886533633392,6.269271304788792
9.570965586224311,0.10001273404134889,6.336523886564833,-39.53617177165895,27.011195333203293,6.298275135605257,-28.523512995654343,-41.71383646579077,6.292930322550473,-68.04566059026278,-13.78456843289332,6.264408794107855
9.56165767215116,0.10001273404134889,6.336523886564833,-39.53617177165895,27.011195333203293,6.298424923847973,-28.523512995654343,-41.71364825230001,6.292930322550473,-68.04566059026278,-13.78456843289332,6.264408794107855
9.557875649059161,0.10001332465246436,6.336523886564833,-39.53615249465944,27.011195333203293,6.298275135605257,-28.537036945723862,-41.39237723117705,6.293040853261752,-68.05020157094103,-13.670252750994681,6.264408794107855
9.564511917885724,0.10003510931956551,6.4150310683728735,-39.48177691001651,27.056352411791547,6.293648415026108,-28.395772567429088,-40.97703466871626,6.293590343637511,-68.04475922102252,-13.30861382806941,6.266548063684021
9.564511917885724,0.10006333181987463,6.4150310683728735,-39.48177691001651,27.056352411791547,6.325387019929662,-28.412161623585572,-40.97703466871626,6.2980275817279425,-67.84220890231586,-13.30861382806941,6.259023636756086
9.57322093253847,0.10000069897510992,6.42291632298682,-40.08504655168142,27.071330794246414,6.293639509125756,-29.12993533887796,-40.587957479816744,6.354783406089746,-68.0267406490053,-11.977872126358355,6.273915274677851
9.557875649059161,0.10001651639646576,6.329332622186787,-39.5346645824453,27.004328697123412,6.295898449113547,-29.10713179505806,-40.35455118656095,6.3440680958649525,-67.90781541623686,-11.873886360639883,6.267130802394068
9.416560415321662,0.10001419160058252,6.36188615744625,-37.97324596388969,27.894437988602323,6.273387629127052,-29.094684448944488,-40.42586813356129,6.3460481754146985,-66.76983883986969,-11.665931892021831,6.2663789581194855
9.416560415321662,0.10018973610400086,6.347751317520673,-38.01494555627863,27.894437988602323,6.221285811583979,-28.601829665226973,-40.135448976074414,6.391602420511001,-66.75744477682015,-11.855973871006015,6.267120276744786
9.416560415321662,0.10003410010186405,6.3633919852704555,-37.989101807161376,27.894437988602323,6.273387629127052,-28.59940949860553,-40.00485326462826,6.365181797666045,-66.75744477682015,-11.665931892021831,6.267120276744786
9.271049819881235,0.10000352344356304,6.388778115939386,-37.97324596388969,27.10179202221444,6.256393649095754,-28.25197820594275,-40.25329227747069,6.339218933302114,-66.75502666561503,-13.479907990573269,6.26935961433097
9.271049819881235,0.10000352344356304,6.388778115939386,-37.999852711014555,27.10179202221444,6.296331410359567,-28.25197820594275,-40.25329227747069,6.379132472575615,-66.70013398861758,-13.37122198367524,6.269284258656081
9.29629180184352,0.10014954013112395,6.389370848382141,-37.97324596388969,26.987196273974945,6.256393649095754,-29.81818522429533,-40.25329227747069,6.242245438845572,-66.75505556411453,-11.631934641780909,6.240139355336703
9.208738115954398,0.10023152975078152,6.24077051922722,-37.97324596388969,26.63425278337887,6.29297162139981,-29.16813764218363,-40.39921390020737,6.383674204136299,-65.56897558118439,-11.946966890447689,6.226398073009701
9.013691176818842,0.10001343824997773,6.320717753249813,-36.198768508113716,30.483483637305913,6.269461594259377,-27.977503598698622,-35.78288660756049,6.2650577281910556,-65.37859112041873,-10.529010861697465,6.22681924134608
9.013691176818842,0.1000129235934785,6.320717753249813,-36.198768508113716,29.400066353428308,6.254425602715217,-27.977503598698622,-35.78288660756049,6.2650577281910556,-65.37859112041873,-10.529010861697465,6.22681924134608
8.905681900388922,0.10000308012078452,6.320717753249813,-33.48761856628672,29.90163296677327,6.208892806587548,-29.220273613872227,-36.029563668988125,6.2552224151987375,-65.54330964754647,-6.504954098966351,6.252319465683164
8.905681900388922,0.10000302259902775,6.320717753249813,-33.356732947411416,29.901813212096368,6.208892806587548,-29.187489125831853,-35.97801478668069,6.255157931735327,-65.52160191757638,-6.4900632983969615,6.2435485658215075
8.929513252415738,0.10000374679020818,6.320717753249813,-36.848020975224486,30.02042772996929,6.207418810917709,-29.220273613872227,-35.33558560064966,6.264743740929237,-65.54330964754647,-6.504954098966351,6.252319465683164
8.870235293355536,0.10000302259902775,6.31631311326268,-33.35667966467726,29.901813212096368,6.205298223796331,-31.851439643399,-35.87830275218907,6.255157931735327,-65.52160191757638,-6.4900632983969615,6.2609735066868
8.92955582387895,0.10000147361300438,6.288264887363254,-33.49214634807744,29.977526615970138,6.207699004412256,-28.516235228355534,-35.34717132383634,6.268012796063958,-65.0731222142453,-5.82272211623841,6.257002815858413
8.915984660373283,0.10000147361300438,6.288264887363254,-33.44477755694404,29.977526615970138,6.192321218572819,-28.516235228355534,-35.34717132383634,6.268012796063958,-65.0837996745485,-6.372216128891955,6.257002815858413
8.928156841426677,0.10004553465012009,6.240700502498217,-33.734842016277064,30.32591136508332,6.275433244290333,-30.16356694401651,-34.9946876943234,6.300602023719858,-64.60804927773262,-6.277446187624475,6.191439796312617
8.896399682152712,0.10001361616774139,6.280042609837332,-33.86513420318031,29.927653325375058,6.207625949771044,-29.608842770540324,-35.00831035819824,6.256714698288851,-65.07317262912157,-6.414286879104495,6.251941750266127
8.896399682152712,0.10001099662451422,6.279872911524985,-33.86513420318031,29.927680760239152,6.221698599069124,-29.608842770540324,-35.00831035819824,6.256714698288851,-64.90019226009417,-6.414286879104495,6.251941750266127
8.894650105890845,0.10000147361300438,6.288466891292219,-33.49460748126284,29.977526615970138,6.207699004412256,-28.517487420304548,-35.00894083158331,6.268012796063958,-64.90837882138624,-5.82272211623841,6.251831979386459
8.896399682152712,0.1000066463879047,6.268635349856802,-33.734842016277064,29.944887161969326,6.2195626133454835,-29.608842770540324,-35.011141154732364,6.331749281849062,-64.60804927773262,-6.277446187624475,6.25675329356909
8.920858887419062,0.10000140088245632,6.309068116256833,-33.4889649162902,29.92720200979282,6.2081772491573455,-29.01268075580361,-34.723639012244824,6.267884607078563,-63.79796476799249,-5.718958019367939,6.232336069161255
8.920813531415558,0.10000140088245632,6.223514039457427,-33.4889649162902,29.90213261916651,6.2081772491573455,-29.116726233379527,-34.670864912229014,6.267884607078563,-63.77577813411963,-5.807583663878278,6.232336069161255
8.918993410131456,0.10000027523373967,6.337964951235319,-33.458225704985246,29.90213261916651,6.2712976399230005,-29.236348818242273,-34.61972331008604,6.267930874422988,-63.88409421035116,-6.4165577746288305,6.266804910393646
8.918212637697453,0.10000018179259587,6.337964951235319,-33.458225704985246,29.901408312979537,6.2712976399230005,-29.236348818242273,-34.61972331008604,6.331112724285143,-63.88409421035116,-6.4165577746288305,6.256996198518496
8.889845358986113,0.10000411650154772,6.218368966741996,-33.957133830547725,29.111073000402236,6.230656320581115,-28.395150038749733,-35.027251879400914,6.234831747781793,-63.89095830589826,-6.430319872828971,6.155476160024754
8.896611300733046,0.10048026395773285,6.336796387727506,-33.75287248511154,29.251251788677525,6.221647392125538,-28.56072689952036,-34.83548389400466,6.357681528661966,-63.69007165247554,-6.414286879104495,6.26767746533318
8.855416110441087,0.10001660633201527,6.238741784968104,-33.87981127313455,29.111073000402236,6.230656320581115,-28.395150038749733,-34.67084553261429,6.231799052963015,-63.69007165247554,-6.419402286039493,6.2644069935204545
8.855416110441087,0.10001660633201527,6.238741784968104,-33.995093685530215,29.031080864209965,6.230656320581115,-28.395150038749733,-34.67084553261429,6.231799052963015,-63.69007165247554,-4.971711168432619,6.2644069935204545
8.902890577149064,0.1000414985465967,6.358326193066553,-33.74158263552287,29.098333730429918,6.236762348947611,-28.591792353629863,-34.52716652710494,6.2697695418967285,-63.66813491472962,-5.720680971151757,6.39566797212391
8.825394791685168,0.1000382859977947,6.3949958500791295,-34.1537851933458,29.59390327938022,6.3018390644656765,-28.412876795994507,-33.850023603461565,6.302280451409301,-63.563530045500386,-4.375810329194972,6.259015807826829
8.825394791685168,0.1000382859977947,6.395001798319537,-34.1537851933458,28.963280466506944,6.3264735185685055,-28.412876795994507,-33.864929661191866,6.2980203285491285,-63.41627478538118,-5.036836486730897,6.259015807826829
8.47477461753418,0.10018276300901886,6.153385600711999,38.519956968252494,19.158789077488375,6.211638791350488,59.54571544170865,-21.79332542189208,6.188763988499465,20.725398781828517,-40.56546778651041,6.161102619091107
8.497569833009559,0.10018629269649725,6.154126957176517,38.51777420333143,18.258864103667662,6.207493245732762,59.38506655594938,-21.779331495992505,6.186107874724575,19.447907746211417,-40.092633282920964,6.161117978549224
8.497569833009559,0.10006268947605662,6.102899649955758,38.90887132740698,18.258864103667662,6.2078139785708855,59.38354314447595,-21.779331495992505,6.186107874724575,19.447907746211417,-40.092633282920964,6.162153499967517
8.49874607721213,0.10006718674601435,6.153257760618502,38.62520848815916,18.348000615003865,6.207821650562461,58.384370078368484,-21.779331495992505,6.186107874724575,19.447907746211417,-40.46273141748698,6.162153499967517
8.49874607721213,0.1000672548026071,6.05865215666093,38.62520848815916,18.34800524190165,6.2078220045691115,58.365048624096275,-21.779331495992505,6.186107874724575,19.447907746211417,-40.09382291160195,6.162153499967517
8.50017829104818,0.10003476431865735,6.160932504074594,38.624761532233265,17.902684314534284,6.295214095824027,58.315752144058386,-20.572534294798167,6.170276713141449,19.506483521775174,-40.562747703795935,6.166443811850097
8.488785790495193,0.10006075326585895,6.1530733375625015,38.624761532233265,17.902684314534284,6.37024310929907,58.315752144058386,-20.2150228152833,6.170276713141449,19.506483521775174,-40.562747703795935,6.16833504778692
8.497322941170507,0.10007510873317486,6.1668801349198485,38.62469632617211,17.902684314534284,6.295214095824027,57.22144872788438,-20.572534294798167,6.1701211729228,19.508431146481627,-40.54616862009121,6.166443811850097
8.488526683682574,0.10017331872666484,6.1687568179072105,38.61633986425151,18.348000615003865,6.20460618466281,57.69837103700337,-20.258947197782764,6.1922268422925555,19.448674626292462,-39.03219190640276,6.024977444521272
8.48100715435955,0.10017331872666484,6.1026477406763915,38.61379413761693,18.350717912773025,6.20460618466281,57.69837103700337,-20.229593872595995,6.1922268422925555,19.448674626292462,-38.923714988612744,6.021803036652083
8.48100715435955,0.10017331872666484,6.1026477406763915,38.61379413761693,18.350717912773025,6.20460618466281,57.57508857137096,-20.229593872595995,6.1922268422925555,19.447905654274287,-38.923714988612744,6.021803036652083
8.381148260094399,0.10000540377964308,6.128958659959132,38.8301549206979,18.823380554123634,6.2232486915898715,57.69531350194657,-18.659230266569196,6.1956374294572205,20.73684276339903,-39.00474619713041,6.162581622988567
8.255388158907895,0.10000409187442895,6.128958659959132,38.8301549206979,18.823380554123634,6.09560434721643,57.69531350194657,-18.443456516208215,6.147434689277765,20.73684276339903,-38.63428727001903,6.163351524103711
8.176465727694193,0.10000612437153764,6.149257756425562,38.625438534653014,18.036096771197556,6.207516881520611,57.12276686699007,-18.619388255654137,6.161517371698595,22.132535201120692,-40.08495742985906,6.165609732283084
8.176465727694193,0.10000688630907131,6.049964171609307,38.333429858098114,18.032504716494945,6.20751124315173,57.12276686699007,-18.619388255654137,6.026475637455855,22.132535201120692,-40.089008049836494,6.165609732283084
8.176465727694193,0.10001052512205472,6.050417523781854,38.333429858098114,17.8793632315952,6.20751124315173,56.84652761336905,-18.619388255654137,6.026356281403761,22.078497900387433,-40.206434014866915,6.165609732283084
8.231738713093407,0.100008825334134,6.169072917176544,35.36077963949952,21.766354341866794,6.165500806613155,25.034828115034536,-37.22416140985016,6.122380866469445,58.35696949151868,-13.008351143238716,6.189391067865495
8.173448903418706,0.10000477880206382,6.165360032934274,35.36077963949952,21.476866571932458,6.20973417717162,25.034828115034536,-37.22416140985016,6.122380866469445,57.98922936216931,-13.008351143238716,6.186606168558267
8.150198127695683,0.10000347548128416,6.165360032934274,35.36077963949952,21.273458532352873,6.20973417717162,25.034828115034536,-37.22416140985016,6.122380866469445,57.98922936216931,-12.768070901059382,6.186606168558267
8.035341884502124,0.1000040422549328,6.1683910916102676,35.12740084973933,20.63998930108397,6.0723372214698035,24.627921774592295,-37.12003444709885,6.121764103200293,57.92922056338336,-12.540650085801277,6.172425961887623
8.035341884502124,0.10000387942408848,6.1683910916102676,35.12740084973933,20.63998930108397,6.0723372214698035,24.627921774592295,-37.12003444709885,6.121764103200293,57.84246407440287,-12.540650085801277,6.172425961887623
7.771538815248645,0.10000897238702895,6.065206979177086,37.561468027672014,17.40300089159362,6.114284672450745,18.703330753669192,-38.37891775869984,6.036270284810411,53.381821647929776,-18.506753828918104,6.128985844186881
7.763515524455833,0.10001785791741752,5.95529980455789,35.55786124108842,17.803204721379373,6.109659633556555,18.735825262112165,-38.60520793789726,6.038474017161184,53.42901257887622,-18.506753828918104,5.9629014220029095
7.763515524455833,0.10001726916467558,5.949430023867041,35.81866366166031,17.751104144932984,6.10674637892202,19.154148695897277,-38.57497846272216,6.038522366279491,53.42901257887622,-18.1401303139205,5.957862268533351
7.763515524455833,0.10001726916467558,5.9489906275653155,35.81866366166031,17.751104144932984,6.10674637892202,19.347348195004255,-38.57497846272216,6.038474017161184,53.42901257887622,-18.506753828918104,5.949572898837696
7.763515524455833,0.10001785791741752,5.948652203131721,34.94181928702013,17.752396454896726,6.114284672450745,18.735825262112165,-38.57497846272216,6.038474017161184,53.42901257887622,-18.506753828918104,5.949572898837696
7.335814219570103,0.10000514758766073,6.046000287840511,38.27660363903519,15.013931755195705,6.145737012065929,19.22485759306471,-40.40647497474267,6.051322377718053,55.23157303508094,-17.82326029245143,5.982213727486253
7.448447331924724,0.10007504330268008,6.064297427637112,37.210699401071594,17.221195181977606,6.114284672450745,18.735825262112165,-38.356499990232024,6.037690219459133,53.42901257887622,-18.506753828918104,5.946659408429474
7.763515524455833,0.10000402217785927,5.96425679286971,35.71289238464229,17.570843815320764,5.9352640725097086,19.375369719541247,-38.57497846272216,6.038474017161184,53.42901257887622,-18.506753828918104,5.949572898837696
7.299421594197441,0.10001140057729173,6.0520991781411775,38.82393609235544,15.37445213036927,6.075175123550413,24.89916143266993,-41.00519502459182,6.055712107959143,55.5140723306869,-17.205882086242756,6.036968104557282
7.312513493918566,0.10000136497772824,5.9907583731450265,38.3607847443046,15.374303430232116,6.0956759477312055,24.339190475341173,-40.35623703296937,6.053036389801873,55.41896937627001,-17.205882086242756,5.9587480920577995
7.34295591979291,0.1000001464254645,5.951863408808391,38.3607847443046,15.374303430232116,6.08995006895188,24.577943909599114,-40.35623703296937,6.055415066808541,55.320499028633655,-17.205882086242756,5.9587480920577995
7.335814219570103,0.10000024340859885,6.046000287840511,38.3545774433521,15.374224963449164,6.144293420331277,24.608628522897316,-40.35644416505387,6.008559991615733,54.43532164024856,-17.613046050146803,5.976651852713693
7.335814219570103,0.10000024340859885,6.046000287840511,38.3516962389782,15.374224963449164,6.144293420331277,24.63347747231473,-40.35644416505387,6.008559991615733,54.43532164024856,-17.613046050146803,5.976503524321291
7.335814219570103,0.10000514758766073,6.046000287840511,38.27948484340909,15.374224963449164,6.144293420331277,24.995958901197476,-40.40647497474267,6.005042103834387,54.43532164024856,-17.613046050146803,5.982362055878655
7.335814219570103,0.10000514758766073,6.046000287840511,38.27660363903519,15.374224963449164,6.144293420331277,25.020807850614894,-40.40647497474267,6.005042103834387,54.43532164024856,-17.613046050146803,5.982213727486253
7.335814219570103,0.10000514758766073,6.046000287840511,38.19870530335085,15.374224963449164,6.144293420331277,25.388348830422327,-40.40647497474267,6.005042103834387,54.43532164024856,-17.613046050146803,5.982213727486253
7.204843321807792,0.10000476389783383,6.039607642895276,36.500371576637775,15.088681202427157,6.215464432820683,19.040577547879522,-38.61839764551073,6.037115579367471,53.387878242132174,-16.793170551119502,5.978433124265289
7.1145150830404456,0.10000160528247665,5.956134602471373,37.26226717932505,14.499972725347561,6.096653500910955,25.381460417368125,-40.38157258874274,6.019924786525202,53.387878242132174,-17.416217112583276,5.890651835477146
7.102897567607369,0.1000048446181985,6.040504770427595,37.25619683190897,14.499972725347561,6.093791779340107,25.739483793179957,-40.35721959535064,6.040306311447372,53.37896611134837,-17.205882086242756,6.092264864009678
7.110039171176116,0.1000002895096708,5.911231798334563,36.58544965372368,14.387172391092976,6.08617748754774,25.73652722810632,-40.381520193451244,6.024517795520662,53.36904409607848,-17.205882086242756,6.019605286417984
7.101794111819539,0.10000042644503777,6.031651412202484,36.2262485809916,14.388879596886971,6.093883349897909,25.73652722810632,-40.35798281483672,6.024828633868071,53.097780284527076,-17.205882086242756,5.911823350847659
6.599856037596682,0.10015631366828733,5.946711043920234,48.73305644680085,9.115233321535413,5.882397355073925,37.41522077236689,-21.88483177387282,6.051098001090011,19.211686009065016,28.19549059276506,5.956808662916054
6.599856037596682,0.10015631366828733,5.9463253589169,48.309666876547745,8.975123153597362,5.856219982807476,36.347646885322,-21.881122577951444,6.080702738592576,19.218060454864727,27.59137830504016,5.9531599709982945
6.60026634067767,0.10015055731697302,5.9404603834616925,49.075487861437885,8.984716518468284,5.853414850771757,36.347643761720995,-21.532532804924315,6.039613006801188,19.271668866988414,27.72839219187911,5.958956312323808
6.610706759562295,0.10012368344714719,5.990026165576733,48.34205295430975,9.130547935838836,5.8514756695426575,36.342558791929406,-21.884622583032975,6.036854016503091,19.616775947774833,27.22095888097973,5.957972161158915
6.610706759562295,0.10012368344714719,5.940461439690066,48.34205295430975,9.130547935838836,5.855541220558769,36.342558791929406,-21.884622583032975,6.036854016503091,19.52738258617255,26.71805353478616,5.957972161158915
6.6092118316800414,0.10015061478031019,5.940459021445331,48.34205295430975,9.130547935838836,5.855541220558769,36.342558791929406,-21.880977713102347,6.037553278487948,19.529494434174897,26.71805353478616,5.957972161158915
6.60026634067767,0.10011016319157699,5.9404603724459655,49.17799613212977,9.127394159552631,5.853414850771757,36.34278498792235,-21.55023999589776,6.039719873759284,19.527182767813944,26.648899610082236,5.958956312323808
6.540647591710797,0.10015055726681893,5.94042154414962,48.31638949297762,8.987183472415019,5.85355170658459,36.19083631303782,-21.532532804924315,6.039613140723475,19.52786032981892,26.69589779964089,5.95878543160386
6.447585669754759,0.1001505572458578,5.946177218865938,49.04496464323991,8.126773376426383,5.847622162541312,37.1460239002843,-21.881041571178024,6.013002575852683,19.52864607794005,25.829274889510785,5.916097606243215
6.553177922733695,0.1001558475370582,5.946894673614266,48.309781073758984,8.899572084152066,5.853505427647895,34.54593020948807,-21.26500414274419,6.008470474145969,19.250857112864914,26.726544311846293,5.945715110940686
6.553552614632846,0.10014595461652001,5.954921488462106,48.31638949297762,8.903752137873031,5.853505427647895,34.5774761181168,-21.268177301915184,6.004549316503819,19.52786032981892,26.73805004893688,5.9457887308801105
6.553177922733695,0.10014595461652001,5.954921488462106,48.31638949297762,8.903752137873031,5.853505427647895,34.5774761181168,-21.26500414274419,6.004549316503819,19.52786032981892,26.726544311846293,5.9457887308801105
6.447556168899414,0.10007567286444084,5.955808390192593,46.916226192881766,7.941202811037038,5.854245983005535,34.50866859590786,-21.862523601415788,6.0038357752756815,19.304359026264244,25.81984671276791,5.945637742032535
6.449864754185898,0.10007567286444084,5.956692372393223,46.98735457540521,7.941202811037038,5.854245983005535,34.50866859590786,-21.818307530265685,6.005468990123645,19.529653351625225,25.81984671276791,5.945637742032535
6.449864754185898,0.10002418777334787,6.011683887119833,47.520641790456466,7.941202811037038,5.854245983005535,34.457664164170886,-21.818307530265685,6.003056140748295,19.529653351625225,25.81984671276791,6.018338092202157
6.454768396151118,0.10012666386341428,5.944782030609742,49.21831881880037,8.065389641583751,5.888137553710273,34.38223573784934,-20.636091151895503,6.000863457567094,19.527430682003104,25.822694751336503,5.919026467609484
6.28619511432269,0.10011194268101124,5.906867212403548,48.33563314137546,7.955737398538709,5.925152257832769,37.41373687944718,-21.764978034251207,5.945761264987148,20.251872671507854,24.917333869377014,5.952233588091142
6.299197279076497,0.10007673575582875,5.939685563058021,49.182921347145985,7.320310446259552,5.885220747485372,35.81817865532949,-21.72754886674548,5.972333841463968,19.11948545539301,25.042376603446414,5.880815678820527
6.447585669754759,0.1001505572458578,5.946325808846237,49.04496464323991,7.31578460012889,5.847622162541312,33.15251703624382,-21.881041571178024,6.013002575852683,19.52864607794005,25.829274889510785,5.916188386133942
6.322046316624731,0.10002418777334787,5.921080145551284,46.202213157066076,7.666992415039839,5.854245983005535,34.28904451559752,-21.72275149815073,6.0010240023058685,19.529653351625225,24.958793604750507,5.916258117106248
6.308560047318426,0.10001426855280858,5.939356264137274,46.20813923009267,7.307194384065035,5.8852387381984945,33.103923821825546,-21.723872755356105,6.00117115434107,19.25453872012112,25.042376603446414,5.927618649267238
6.305044706445584,0.10000745240411686,5.9392934500379315,46.20813923009267,7.307194384065035,5.930349766993656,33.103923821825546,-21.71428709381426,5.994724987950086,19.255754116058068,25.032560466625892,5.927618649267238
6.308560047318426,0.10001426855280858,5.9390779025719755,46.208739097595796,7.307194384065035,5.894780075324646,32.868600774365035,-21.71271515901016,6.001144908231988,19.527768394070442,25.04342935334755,5.9219407612125075
6.308560047318426,0.10001426855280858,5.9390779025719755,46.20903550827643,7.307194384065035,5.894776192452973,33.10646989078329,-21.70862550657481,6.00117115434107,19.98655022854946,25.04342935334755,5.921999355399425
6.308363800604526,0.10001489385631834,5.971597095340755,46.280583293918504,7.132012158701435,5.885133663202857,33.09195134792645,-21.738968930854043,6.000488187819755,19.980671363554393,24.59171928189038,5.943794146918585
6.25266692641278,0.10001567590425982,5.946695321946663,46.04825848212329,7.161730216195571,5.885571984929918,33.18957147169273,-21.443863135875162,5.991828863622805,20.011394161198798,24.53168633779708,5.857132437220865
6.2582488936769405,0.1000018659680035,5.936999533104649,46.245770681884224,7.304903514081879,5.882814085846541,33.10898177923113,-21.15438158477056,6.0165191231022295,20.09135059868676,24.590229936748788,5.853627525485294
6.257441303394102,0.10012848757043655,5.936727169928742,46.247293786801265,7.159609006883806,5.883031801143012,32.766186745728724,-21.226006741199022,6.084449394857936,20.092911697341453,24.591623949632805,5.853627525485294
6.228928260509103,0.10000228884808875,5.947170458382558,46.836201177532125,7.1981420861333785,5.890107714708028,32.19579398741193,-20.641747299648674,6.039224493687741,19.25438917004704,25.03327871832975,5.858771857412647
6.22763851588356,0.10000228884808875,5.947170458382558,46.836201177532125,7.193611965355997,5.890107714708028,32.19579398741193,-20.641747299648674,6.039224493687741,19.273770711238736,24.591633730690116,5.858771857412647
6.185640601395091,0.10016649796759408,5.895882921737125,46.04235837910413,7.387341099832866,5.843030131280703,32.23014069056154,-20.62622256376275,5.95358780941823,19.25661420688758,24.45269010477681,5.864444508794333
6.178934762988863,0.10016975291065416,5.947397617337012,46.028009953535914,7.304713835034797,5.840961281785663,32.23014069056154,-20.560601893798836,5.899755744028622,19.25455272883102,24.487693215506688,5.8621744034167715
6.178934762988863,0.10016975291065416,5.947397617337012,46.028009953535914,7.304713835034797,5.840961281785663,32.23014069056154,-20.534752271886283,5.899755744028622,19.25455272883102,24.487693215506688,5.8621744034167715
6.178934762988863,0.10016975291065416,5.947397617337012,46.028009953535914,7.387341099832866,5.840932849442177,32.23014069056154,-20.270656373771327,5.895114084171502,19.25335955377031,24.499119248921218,5.867283851860141
6.178934762988863,0.10343876497657457,5.947397617337012,46.028009953535914,7.382896260773373,5.860992376705328,32.23014069056154,-20.270656373771327,5.895114084171502,19.24632559418867,24.499119248921218,5.867283851860141
6.237693389974499,0.10007447498063485,5.97108885073151,44.980196032818846,7.1225942836430125,5.860358688540841,29.36766628626579,-20.26687443629423,5.976198481826515,19.241810610196314,24.804803829374105,5.952852881970189
6.181261993489996,0.10014929467435052,5.9090012361942215,44.94826542645321,6.903242023172067,5.854255202399395,29.61769026391366,-20.267229202672464,5.895198909319522,19.247076192682655,24.368542963838667,5.951173417016632
6.181261993489996,0.10014929467435052,5.9728425600760175,44.94826542645321,7.127445268974074,5.88633741904733,29.61769026391366,-20.267229202672464,5.895198909319522,19.25985854638412,24.37056015142103,5.943692621910781
6.18118916723631,0.10014576864559493,5.9090012361942215,44.94826542645321,7.146903917852159,5.854255202399395,29.22840792388324,-20.267229202672464,5.895198909319522,19.243692447759205,24.36953296435861,5.856243137687484
6.18118916723631,0.10014576864559493,5.9090012361942215,44.96634685168139,7.201016166296224,5.854255202399395,29.26661509811529,-19.631689051942896,5.948200473280934,19.243692447759205,24.36953296435861,5.856243137687484
6.18118916723631,0.10014576864559493,5.9090012361942215,44.96634685168139,7.1316771783872905,5.885284656796391,29.26661509811529,-19.631689051942896,6.002382302738581,19.243692447759205,24.584791317013114,5.856243137687484
6.171598041158774,0.10002118638439239,5.942430320999649,44.143135922776445,5.773108457682304,5.851977160979907,25.144923352785437,-18.73198622417092,5.862542930893684,19.306201049108502,24.708977316418846,5.923460599406539
6.091138935471246,0.10002566807053001,5.758452309906784,44.10800556249317,5.334852568994952,5.851817746906058,24.874693007532688,-18.645357831259556,5.862542930893684,19.306201049108502,24.708977316418846,5.923460599406539
6.020868760337977,0.10001245698199603,5.944645355806373,43.564569723551095,5.766267524186318,5.859334636177181,24.866561675993157,-18.706066314849767,5.792855718147739,18.19764817371673,24.38037159091451,5.947559970309486
5.512128975842915,0.10001016282275413,5.79935411013598,42.164520071130845,2.805143665835085,5.796959349493877,29.662519644516035,-21.800905273523174,5.812548951488812,19.867116852618683,19.303838442851966,5.780997545719178
5.512128975842915,0.10000836448295974,5.796283523749084,42.12988017489277,2.805143665835085,5.791927612865869,29.5594620619922,-21.800905273523174,5.813997893502018,19.867116852618683,19.303838442851966,5.774172626378024
5.512128975842915,0.10001097249125236,5.796189086719546,42.13196145671365,2.805143665835085,5.796518574872824,27.873331480472636,-21.807030666565968,5.780110610936562,19.864663730146187,19.224224845298355,5.780967117889413
5.507202060979301,0.10023485709576194,5.800238455062074,42.008340777933434,2.820127361373681,5.789656919703344,27.992152722622414,-21.68955340172262,5.7919750950950935,19.824449734166645,19.224776397538015,5.770597683145758
5.507202060979301,0.10025054499382084,5.799440940027577,42.008340777933434,2.5814300514668695,5.78967001961368,27.99625138884625,-21.68483270493191,5.779403841770566,19.824449734166645,19.22442991998084,5.779399669155281
5.443882968625298,0.10055492930214571,5.793239290165486,41.57009324082389,2.793507075414729,5.789100079855918,29.25078653929525,-21.655375185936546,5.779927868989808,19.823314697119958,19.246256133191533,5.781003049397062
5.443882968625298,0.10055492930214571,5.793239290165486,41.57009783507906,2.793507075414729,5.789100079855918,28.310309602298464,-21.655375185936546,5.779927868989808,19.86502745334746,19.246256133191533,5.781002364715805
5.446230741044668,0.10014183476807849,5.800500607033618,41.59839561069118,2.793507075414729,5.796537286312444,27.920734293898054,-21.655375185936546,5.779927868989808,19.864674599002626,19.223992993489315,5.781002364715805
5.443869884327861,0.10002715166776144,5.8014675763222,39.38854921830935,-2.0930886213086417,5.7874867719911105,18.196930572015088,-20.463793521052718,5.796342440660037,19.81546848134953,19.246256133191533,5.781003182629926
5.437018800060347,0.10007298882629176,5.7695742887474335,39.46286458755135,-0.3446560692790346,5.751380783070397,19.627296961305902,-20.458261029172355,5.766580148644521,20.07842271679108,18.93919180129727,5.771942353549412
5.437018800060347,0.10126065770529848,5.7695742887474335,39.46286458755135,-0.07108861349352091,5.751380783070397,19.627296961305902,-20.458261029172355,5.766580148644521,19.8145228120408,18.93919180129727,5.771942353549412
5.437018800060347,0.10013816074729494,5.921951953967195,39.28944968952357,-0.07108861349352091,5.754098273567806,19.927109035148504,-19.994417702660733,5.746083390189243,19.8145228120408,19.4588385521206,5.786635428510742
5.437018800060347,0.10014055409510841,5.921951953967195,39.28944968952357,-0.07108861349352091,5.754098273567806,19.927109035148504,-19.994417702660733,5.746083390189243,19.8145228120408,18.93919180129727,5.711575911946179
5.4271894573837445,0.10007788740979144,5.653430143971623,39.19257970401725,-0.44564824372218226,5.648723425370535,19.803673526043973,-20.296271612776007,5.6602777250514125,20.10089223654436,18.87800111617195,5.783598120369961
5.239951179431374,0.10006890853676079,5.7508319220100415,38.881537500831506,-3.200048443016412,5.751277713428263,17.706508066527434,-19.48895486956163,5.760510493792775,20.193455532308825,17.68943779752899,5.786497946230136
5.239951179431374,0.10018983417370016,5.798066807039548,38.74678186330226,-3.200048443016412,5.751714788838439,17.706508066527434,-19.48895486956163,5.760510493792775,20.193455532308825,19.315879796383797,5.786497946230136
5.251779254538049,0.1000020043394203,5.671072186461526,38.624375413478816,-2.4604409746338383,5.758395860527389,17.62730870750765,-19.49890501357803,5.661961156156977,20.26652777341939,17.534311010512795,5.7078930126452345
5.024186460065468,0.10017613504819473,5.746755023910723,35.506548011484064,-2.475871610547785,5.767878175477478,17.15018526561638,-19.814665306207665,5.7638757674939205,19.424799530943872,17.548537144629766,5.707957349625531
4.901945168892679,0.10008809820019539,5.750359517069914,35.47617150352996,1.0864748381652873,5.750531140030475,17.075293376100465,-18.064324220296267,5.7635860067768245,17.070159152497457,17.62601149818515,5.707219281904152
4.818432997657921,0.10018916885506247,5.74886746651525,35.64849317530393,1.0864748381652873,5.756391623194134,17.19082406514842,-17.562325845552497,5.7635860067768245,17.070159152497457,17.62601149818515,5.707219281904152
4.791575982864735,0.10000107588435979,5.669824633850553,35.24597134845945,-3.3987409625375413,5.667087290952119,16.19541234016358,-17.93265675878076,5.778376891263832,17.128217267098982,16.825436566573792,5.783682106684301
4.777812648178193,0.1000005994983139,5.71302378232268,35.01752672953063,-3.2128148565560988,5.663434063164584,16.181663783275482,-18.014540148911006,5.626571575921049,19.998134466924434,16.90756460668449,5.67451412390776
4.77137328497855,0.10000025328926704,5.750825963955882,34.955813085078724,-3.193368353041975,5.663012119706082,16.18343392929933,-18.114484961653947,5.885294520200527,20.110596798451404,16.470386508816965,5.674971293961182
4.645290335018022,0.10037258630623605,5.664607320125525,33.205402614346895,-1.6212125570874567,5.664416745109085,16.22476451924191,-17.662147948921447,5.665200459163485,17.123136958557648,15.873608768449687,5.678171032537383
4.629929820464249,0.10037258630623605,5.655183546923789,33.09918018087624,-1.655245830947726,5.661551202073476,16.168936585645696,-17.61264979855489,5.69700848291445,17.11989549354983,15.873608768449687,5.678171032537383
4.629929820464249,0.10037258630623605,5.653816743892961,33.09918018087624,-1.655245830947726,5.661551202073476,16.22476451924191,-17.611152722159044,5.69700848291445,17.11989549354983,15.873608768449687,5.678171032537383
4.6395645618757015,0.10690704162889304,5.652068251627989,33.103725373751004,-1.657066650013433,5.662787819800699,16.22121744284659,-17.628772352138945,5.701169101228483,17.117001670840686,15.657597519681856,5.71457480994682
4.581103131267997,0.10127141648135465,5.652319411766124,33.09911566406258,-1.6553132143004066,5.640270802950684,16.431415725903385,-17.61570207196769,5.69700848291445,17.11989549354983,15.658315761496493,5.678171032537383
4.579702574071717,0.10677327671448204,5.652319411766124,33.09910419993355,-1.6553132143004066,5.661551202073476,16.431415725903385,-17.61570207196769,5.696960261907199,17.122724615078486,15.654839706559798,5.678171032537383
4.508056990363078,0.1000816827447054,5.650260684987549,32.96052282415272,-2.122531602180921,5.667774139709231,16.258488076904364,-18.098673283817497,5.637526205495609,17.06867644672995,14.749864678332516,5.713787673106628
4.50074605940777,0.10010027874059514,5.650260684987549,32.79720771784142,-2.122531602180921,5.667774139709231,16.26079662520416,-18.098673283817497,5.637704481537497,17.06835792273394,14.722812254613714,5.745104845220908
4.500721160697461,0.10039636515412739,5.657146145429005,32.78862843742222,-1.8854396103212943,5.657748330264485,16.17998170277926,-18.01810755005582,5.6462976092299035,17.037282767312963,14.72509876617525,5.74552966140836
4.3449341201425,0.10020508926421827,5.654581034327864,31.902955230185196,-2.4763178628780955,5.57927687039886,16.429662970862736,-18.099171732382587,5.643281744645433,16.986584784688596,13.691522030436342,5.714571164034178
4.3449341201425,0.1002085438622069,5.657505562644705,31.798584261391163,-2.383359708570326,5.580782650296144,16.4660773361473,-18.272762146432463,5.643281744645433,16.938213681598413,13.691522030436342,5.714571164034178
4.320653207966394,0.10006189665490646,5.6120659561861705,31.56537979807549,-2.5102641195858877,5.653768142587782,16.012555586977548,-18.080068981549587,5.683698495657812,16.955239456379644,13.605234590568152,5.743096962919192
4.115059589621593,0.10014957204520937,5.560534546913697,30.55667921611399,-1.6655207702127304,5.648440983116354,16.42818982616507,-16.667711718988127,5.460800859253254,16.948362766934263,13.893929341078614,5.539748016311154
4.115059589621593,0.10014957204520937,5.560534546913697,30.55667921611399,-1.6428576890606519,5.648440983116354,16.42818982616507,-16.667711718988127,5.40625463925952,16.9476668022882,13.900017769557227,5.539748016311154
4.041366043256107,0.10015106058601125,5.664411606851975,30.190891720990333,-1.6196265586460055,5.664519303980916,16.471958065766486,-16.686720126521877,5.544330808459808,16.141088406447324,13.827690429077675,5.720857205703165
4.034964443349689,0.10006414982327824,5.664411606851975,30.190891720990333,-1.6202495950724896,5.664519303980916,16.47184042768572,-16.686720126521877,5.544330808459808,16.141088406447324,13.827690429077675,5.7140760083243345
3.8960050968914954,0.10143970412537569,5.653587188868344,30.131648700955253,-1.6369590538371137,5.490887582531457,16.47184042768572,-16.681387103895606,5.544330808459808,16.141088406447324,13.043672002680449,5.582926595060142
3.8960050968914954,0.10015057800132299,5.674558348859371,30.131648700955253,-1.6202495950724896,5.664519303980916,16.47184042768572,-16.686720126521877,5.544330808459808,16.141088406447324,13.043672002680449,5.7140760083243345
3.6205800958437915,0.10007398587735247,5.486183369637916,28.616788845655925,-1.6583275817260787,5.510292274914171,16.178444458685934,-16.83897956309831,5.352930834081598,15.067392753792216,11.21822800477524,5.584375140885757
3.621639127337166,0.10007463754343983,5.652698182302707,28.311868337644178,-3.198396036789862,5.660832214689251,16.170438230505667,-16.83940416536797,5.642586887154741,17.203354747635014,11.216840177732921,5.566994207603636
3.6060474514722896,0.10007474881200545,5.652698182302707,28.142849855576742,-3.201327064678492,5.666147125493208,16.177067698418146,-16.785156081201457,5.642586887154741,17.058306311046,11.062782699409107,5.934244915466889
3.335566457620176,0.10003042500555079,5.504681965058161,27.401523185997164,-3.6995667665273446,5.597378160268254,17.253011819148483,-17.59935594177296,5.256173243882422,16.149986717028487,8.92534026265512,5.60761872978477
3.327897791581942,0.10145223373124364,5.653572144659726,26.263665209547224,-3.5021261291279497,5.664684378333389,16.224470732667676,-16.82252916220009,5.697091703892633,15.15337991693334,9.27280726776575,5.591047026220192
3.2977589719961693,0.10145223373124364,5.653208440467696,26.228175673195217,-3.298071405039157,5.664885762036472,16.207269468955964,-16.82252916220009,5.752206703255255,15.15337991693334,9.296908613296807,5.591047026220192
3.2977589719961693,0.10016382765644424,5.674179600458724,26.228175673195217,-3.281361946274533,5.664511771243321,16.207269468955964,-16.827862184826362,5.752206703255255,15.15337991693334,9.296908613296807,5.722196439484383
2.8051258232596394,0.10004833360169374,5.65268944757413,24.901941158134985,-3.207806625873098,5.661086241506824,17.30184780890231,-17.59127086598823,5.364136065254462,17.040768429757048,8.776199701033168,5.377051551126787
2.8051258232596394,0.10004833360169374,5.683863801620037,24.901941158134985,-3.207806625873098,5.661086241506824,17.29144879744959,-17.59127086598823,5.364136065254462,17.040768429757048,8.77617919426253,5.377051551126787
2.7961167609811812,0.10146922306543357,5.652697686435441,24.86112021295122,-3.2981578116083323,5.661086241506824,16.53105485163612,-17.506239127838228,5.372960896802599,17.040768429757048,8.727178845733974,5.380654684118289
2.7951344631324,0.10146922306543357,5.652697686435441,24.86112021295122,-3.2906522647449883,5.661086241506824,16.53105485163612,-15.701568064166457,5.372960896802599,17.202199774179377,8.727178845733974,5.380654684118289
2.7673528638059848,0.10006413334437304,5.664039728553201,24.71448635410705,-3.2907629786744614,5.661086241506824,17.264479086083902,-15.69634492121739,5.362554226578338,17.20354918752799,8.776346257643283,5.423312947378202
2.630322443037587,0.100067384988607,6.419143041954037,24.668441081695065,-2.902423378687943,6.131002091382498,16.12742453748519,-15.704258287642013,5.353535769107299,15.146087601087325,8.769792445647703,5.61254197098487
