9.9984564317915,0.10000411240502825,6.350968170545627,28.026898953903512,171.5460689696238,6.353401235101372,-25.9225320970362,106.49911133184303,6.377905961916968,29.91160812447724,41.80045037358634,6.3789491956973965
9.999282850365296,0.10028575953730054,6.3461017109325715,27.391926402303028,171.5999361590296,6.353401235101372,-26.146572001540356,106.49911133184303,6.377479454834627,29.91436216374462,41.80045037358634,6.378380498003969
9.999282850365296,0.10027947726258231,6.3461017109325715,27.391926402303028,171.4791688995668,6.354331431871323,-26.150690584299376,106.49920886401831,6.376634498448974,29.91436216374462,41.80045037358634,6.378380498003969
9.999628387523675,0.10000038171518615,6.333113134654244,28.014044270543888,171.26770690970193,6.357399446291108,-26.82676669925838,106.45603441552264,6.381080216443515,28.402333443996067,41.33053220711687,6.376769305522067
9.99775280998138,0.10004377596155373,6.34563875664996,27.592382318309756,170.5183480678021,6.35517416018156,-26.145592653555642,106.45603441552264,6.3774742079670075,28.402333443996067,41.33053220711687,6.376769305522067
9.99775280998138,0.10004377596155373,6.36985566506534,27.588380605666295,170.3944616179773,6.357370400903366,-25.92670433802486,106.45603441552264,6.3774742079670075,28.402333443996067,41.33053220711687,6.376769305522067
9.998887491972864,0.10003457647358825,6.355482087009012,28.76163504628879,169.94996532438643,6.355034147548899,-25.605763058955986,105.86703517429417,6.382193885324638,30.19373484084717,41.351688943106225,6.375384960985205
9.998447820183886,0.10004519448595499,6.375533437272785,28.014044270543888,169.83686577107295,6.357370400903366,-25.92670433802486,106.45603441552264,6.3774742079670075,28.402333443996067,41.33053220711687,6.363369245917769
9.999161749882237,0.10006561388690063,6.346058776376855,28.76336645951433,169.70475120134944,6.356507582170726,-26.124682673771627,106.49920505775805,6.376635188772558,28.401417596752697,41.791342943129735,6.362129329019866
9.999332421420922,0.10004463808465178,6.348996006723675,28.74724056375258,169.4246198813851,6.355161936024382,-26.14833090582669,106.45219656884483,6.377414662796902,28.402333443996067,41.79725879874408,6.376165162354754
9.997424492050412,0.10009186851072653,6.355611862606998,28.74513214033833,169.19822856966167,6.337948015980541,-26.088281142431626,106.52378273385524,6.377475064880045,29.946860119213007,41.34692209296832,6.375734883790597
9.999282850365296,0.10003819766435955,6.355774708781456,28.747370422245094,169.07657668448357,6.354356711851194,-26.150690584299376,105.76884588515553,6.3766344741517065,29.913454125171175,41.8029881696279,6.374998926860852
9.997443364749257,0.10010756435523833,6.355611862606998,28.745765364871545,168.92925110714953,6.349785821437805,-26.088281142431626,105.82420454966848,6.377475065488574,29.94522106741305,41.34692209296832,6.375762622436001
9.997443364749257,0.10010719509663514,6.355611862606998,28.74513214033833,168.91519940748339,6.349785821437805,-26.088281142431626,105.76970131079516,6.377475064880045,29.946555860214517,41.34692209296832,6.375762622436001
9.997443364749257,0.10010719427359582,6.344862621012822,28.74513214033833,168.64247708627747,6.349719803792268,-26.14665368794907,105.76970131079516,6.377475064880045,29.780117574816554,41.34692209296832,6.332421372462914
9.996804040859242,0.10003449569247211,6.345489559363833,28.76163504628879,168.63900324931112,6.355835522245537,-25.60846648314281,106.42739820605514,6.3766344741517065,30.16287082774144,41.346976640587265,6.377629965634835
9.99743822137003,0.10010804947927031,6.344862621012822,28.643687646211674,168.64247708627747,6.350416965761004,-26.14665368794907,105.19549303061984,6.377475064880045,29.946555860214517,41.34692209296832,6.333197568223306
9.999200020375202,0.10000700397489938,6.345565850020707,28.76163504628879,168.21151291157975,6.355485878934398,-26.162439456000016,106.45692872357833,6.3764139645861935,29.91436216374462,41.80038421387193,6.374454627621206
9.999200020375202,0.10000700397489938,6.345565850020707,28.76163504628879,168.17441228662923,6.354741893015631,-26.15087736089346,106.45960550826489,6.376419179158985,29.91436216374462,41.80038421387193,6.374147531637553
9.999200020375202,0.10003159454914513,6.345565850020707,28.76163504628879,168.14451283168995,6.354741893015631,-26.138342998118127,106.45960550826489,6.376419179158985,29.91429247840399,41.80038421387193,6.374147531637553
9.99770565068372,0.10000700397489938,6.333555733564436,27.9541414736585,168.1462306071006,6.357350473337301,-26.162020539323287,106.45609341848211,6.3764139645861935,29.91436216374462,41.33086447069008,6.374153686734197
9.99965303682185,0.10006076031460706,6.345584496830018,27.506698409205633,168.1355282424988,6.333813244557805,-26.846784549616167,105.83917606428572,6.375933603055882,28.23724761309739,41.83601743968268,6.333195751850899
9.998234651476809,0.10000839035892917,6.344979440002827,27.472133182228585,168.08919874799807,6.362447722947966,-26.13810677239016,105.76741234219534,6.376654700252023,29.917477435470722,41.930075294388274,6.376072071195636
9.997709036049253,0.10000641361473772,6.36985566506534,27.51008441653748,168.02205569822686,6.357370400903366,-25.92670433802486,106.45683714876466,6.3774742079670075,28.402333443996067,41.33053220711687,6.374455308761839
9.999899704791057,0.10010804947927031,6.344904439762414,28.643687646211674,167.49197182558433,6.3512560250752905,-26.14665368794907,105.19549303061984,6.3775743914563705,29.946555860214517,41.38087562368476,6.333197568223306
9.997443364749257,0.10010716736053621,6.355252752666941,28.74513214033833,167.4683070308195,6.349785821437805,-26.145856980069265,105.76970131079516,6.377569454761167,29.946555860214517,41.34692209296832,6.33492174086542
9.999092692729572,0.10001937383625506,6.344904439762414,27.59400219451372,167.49197182558433,6.3512560250752905,-26.14665368794907,105.7511514436614,6.3711801470739875,29.988005401408426,41.38087562368476,6.330314468629918
9.999264178214467,0.10003579496004725,6.34553259247272,28.76163504628879,167.20835931321852,6.3552867052572495,-26.150690584299376,106.45692872357833,6.376599732632702,29.91436216374462,41.80038421387193,6.374454288923362
9.997703043150745,0.10003136077717244,6.345629063761449,28.76163504628879,167.0147656543653,6.355236089046658,-26.138532406487247,106.45692872357833,6.376623336617792,29.91436216374462,41.80038549758486,6.374454288923362
9.997050617227925,0.10003585289801518,6.355927967785154,27.472133182228585,167.19897950355653,6.362498339158558,-26.15026495020229,105.76741234219534,6.378416911895659,29.917476187286866,41.80029029140008,6.376072071195636
9.99704800969495,0.10000682855468508,6.356024439073882,27.472133182228585,167.03528529964262,6.362447722947966,-26.150641135165493,105.76741234219534,6.378440515880749,29.917545872627496,41.800291575113015,6.376072071195636
9.996724593873653,0.10002926683064908,6.35540764260497,27.473103370332492,167.02449622998392,6.313671533361357,-26.145743440852637,105.76369151715951,6.377470273513336,29.95982142353027,41.351688943106225,6.370889106293075
9.99704800969495,0.10003141871514037,6.356024439073882,27.472133182228585,167.00538584470334,6.362447722947966,-26.13810677239016,105.76741234219534,6.378440515880749,29.917476187286866,41.800291575113015,6.376072071195636
9.997420463768592,0.10032672780338071,6.355611674818774,27.470618157634984,167.0025932484719,6.349788437402763,-26.150783827226256,105.76980570177513,6.382691023863402,29.94721654177755,41.320583208141,6.3757500601116615
9.999114608860546,0.10002009217802915,6.350863671114421,-59.03803451052836,60.830144574452255,6.338820176719755,-28.103480901342607,105.76454910108616,6.3711382452628404,31.306907976008983,45.804621816772595,6.378126717991992
9.999114608860546,0.10002009217802915,6.350863671114421,-59.03803451052836,60.830144574452255,6.338820176719755,-28.103480901342607,105.74300275126795,6.425613375491275,31.306907976008983,45.804621816772595,6.378126717991992
9.998910835004486,0.10003067819403375,6.35501342831554,-59.00584493652326,61.4101550251312,6.350724019836315,-26.845226076302126,105.56860875410462,6.382713495500468,31.300577278096526,46.14545079611606,6.375644235811296
9.999687854844055,0.10003067819403375,6.35501342831554,-60.15959485968184,61.411560167541104,6.350228578492701,-26.845302582633717,105.4000387019975,6.380656300914864,31.266687582641097,45.54292435541039,6.372247863741989
9.998913416505532,0.10010719143751039,6.401817884170036,-59.00584493652326,61.93664946663082,6.356343212772048,-26.149161122546484,105.56860875410462,6.382643945303765,31.300577278096526,45.332914171514865,6.373933575902626
9.998906474853122,0.1000503205072171,6.355012947547646,-59.285304597853255,61.439403029226554,6.367033036037037,-26.845226076302126,105.31596036657331,6.382342705577728,30.907512234998507,43.374774142557804,6.427990326361718
9.998906474853122,0.10002072823516632,6.355194223079465,-59.65778352448666,61.403551738294944,6.335033030201563,-26.845226076302126,104.83627933646352,6.382713495500468,31.00361396806253,46.14633807746753,6.38004961719466
9.998906474853122,0.10010698585029458,6.354933852281485,-59.65778352448666,61.439403029226554,6.350021583701702,-26.845226076302126,104.82990493122824,6.382713495500468,31.006001307463467,46.09669417790965,6.380268024850743
9.998313886604858,0.10015102600674403,6.354972106644222,-59.59272224092115,61.94913521451796,6.3563551424334905,-26.926409245535286,104.35513933553679,6.375564500297756,31.280904209911768,45.42380819337258,6.379842784434358
9.999113148362602,0.10000673573125142,6.370175242729653,-59.03803451052836,60.830144574452255,6.352802221136366,-27.982541914652295,103.60269078380892,6.3711382452628404,31.299619873364712,46.4838517666416,6.374821621898133
9.999113148362602,0.10004589380170303,6.373021229917251,-59.03803451052836,60.830144574452255,6.352802221136366,-27.972548327278712,103.60269078380892,6.3711382452628404,31.360635947936046,46.4838517666416,6.376768381475797
9.95711728457534,0.10000445805850088,6.349375514334458,36.10482117052641,36.52119329213941,6.323465340007038,68.10395527510815,-7.2227521848271286,6.384271707063557,31.082288729457737,-45.70595155636933,6.274319662058768
9.95711728457534,0.1000816724592547,6.347894917081392,36.10482117052641,36.52119329213941,6.323465340007038,68.11734094698662,-7.2227521848271286,6.410700747292772,31.079799185688778,-45.451940465635815,6.275906681050881
9.99288723876897,0.10000629818218014,6.309622751061208,37.49170148136793,35.98980639552521,6.323841732187926,68.633110163618,-7.754738723444287,6.384719255186248,30.92233391524687,-45.65111599206541,6.403977577482026
9.99233252431407,0.10010478116533016,6.30858608049498,38.66642065809159,32.359554711721046,6.302017517535814,67.51907486675482,-11.122560957329794,6.38247841552744,31.08897901631386,-49.124395302779035,6.342453718421484
9.99233256007817,0.10007534750685673,6.34964561250598,38.65271578559346,32.359554711721046,6.325291608497159,68.111108879205,-11.108421613281187,6.409322573651983,30.920791714986237,-49.0104877492874,6.34240351791582
9.99233256007817,0.10007648909403175,6.349802245449678,38.65271578559346,32.359554711721046,6.312329712812581,68.11996695982943,-11.175922341401906,6.382513710774224,30.920810552646667,-49.0104877492874,6.375351774074721
9.99839247979594,0.10000234426014841,6.295055244841351,38.65288847106353,32.02189296063729,6.357422766262499,68.68500444159889,-11.118740255863244,6.383264770118365,30.91900011699421,-48.9806984251628,6.341768109909766
9.999942227029774,0.10001139198755105,6.349645287531192,38.57011413421021,32.35700214382495,6.357435089358245,68.63975132878632,-11.198965339893507,6.3852179169425085,30.927778918723693,-46.53562234264469,6.34189983975527
9.999802159570462,0.10000631765321841,6.318752165475415,38.63641566831535,32.786572752417165,6.360767272311429,68.65345085290494,-9.25106433295151,6.43795505935278,31.17639527895662,-45.80786812162981,6.362147098421095
9.99993498953689,0.10001139198755105,6.348682153424204,38.65195687707058,32.792036639181894,6.357421753278853,68.62755882373597,-11.167913514748578,6.384123885305805,30.92792939450561,-45.691171790293744,6.343792181299672
9.999895329855292,0.10000701751065173,6.349668298570472,38.65271578559346,32.35954319240937,6.356875684146637,68.6281415526111,-11.167913514748578,6.384343418326219,30.9211973280488,-46.004718422480664,6.342800946481845
9.999896182390046,0.10001139198755105,6.349634506882588,38.568042625554284,31.826130528337885,6.357435089358245,68.62747414279123,-11.198965339893507,6.3852350412701195,30.92792939450561,-46.53562234264469,6.3428950815963425
9.999895329855292,0.10000199403413099,6.349668298570472,38.65271578559346,32.35954331283328,6.357421095315216,68.6281415526111,-11.167913514748578,6.384343418326219,30.901840590756063,-45.80937740232646,6.342455449651315
9.999895329855292,0.10001139198755105,6.349365957821474,38.65269673042042,32.363446257109416,6.357435089358245,68.6281415526111,-11.193767646151693,6.384260911249876,30.920810552646667,-45.760422537122636,6.342453718421484
9.999895329855292,0.10001139198755105,6.348682153424204,38.63616994937646,32.35954331283328,6.357435089358245,68.62747414279123,-11.167913514748578,6.384227741075921,30.92792939450561,-45.691193144865444,6.342914661461688
9.998317942887695,0.10005044509861342,6.3180837226644835,37.56556333642036,34.03875490451331,6.3610283713532745,68.65345085290494,-9.217297500849392,6.409496279063749,31.30619010104398,-42.647049450954924,6.366550129300398
9.99839247979594,0.10000234031383724,6.355457185633224,38.54849905187433,32.02189296063729,6.357311487055596,68.633110163618,-11.167511851720311,6.383264770118365,30.91900011699421,-44.43388659292369,6.364303591457777
9.999216039456268,0.10002482059567128,6.335362292454713,38.652289870239684,32.02189296063729,6.323584028629393,68.633110163618,-8.902010445608727,6.397290357020273,31.17653397751437,-44.43741379905874,6.341885020728055
9.992137461846381,0.10003060789003572,6.3090257557599685,38.63709668927929,32.359873917184856,6.360781074461583,68.65371112372763,-9.09692735402244,6.408661610058703,30.92744221260255,-43.612199509945995,6.366547283939053
9.992137461846381,0.1000312378916826,6.3090257557599685,38.637097000294084,32.359873917184856,6.360781074461583,68.65373524121864,-9.09692735402244,6.409055333825825,30.927813906652787,-43.612199509945995,6.366547283939053
9.991214574540976,0.10003051571547447,6.308501276470578,38.63637247506775,32.359873917184856,6.360781074461583,68.65371280736208,-9.09692735402244,6.434928406602602,30.92744221260255,-43.612199509945995,6.366547283939053
9.992137461846381,0.1000312378916826,6.3090257557599685,38.637097000294084,32.359873917184856,6.360781074461583,68.65373524121864,-9.09692735402244,6.409055333825825,30.909504600189152,-43.55826661213004,6.366547283939053
9.999802159570462,0.10002054711375945,6.318752165475415,38.63641566831535,32.53860871534332,6.360816979598767,68.65345085290494,-9.213333422901725,6.43795505935278,31.17639527895662,-42.501700153495314,6.362147098421095
9.99839247979594,0.10000234426014841,6.3219888168032785,38.637130036766415,32.37877411199345,6.360840776466218,68.6537487028554,-9.238272619837351,6.438771211092397,30.918898625311204,-42.3562993465485,6.341768109909766
9.99839247979594,0.10000234040431775,6.354361654115937,38.63375356741796,32.37877411199345,6.360832766283213,68.6537487028554,-9.238272619837351,6.438771211092397,30.918899075031874,-42.3562993465485,6.341768109909766
9.99839247979594,0.10000234426014841,6.2782254374411846,38.63991653252892,32.06405634835724,6.358980987397836,68.63079013473694,-9.237648173298789,6.386021197392051,30.918898625311204,-42.35491410026711,6.341768109909766
9.975003814307126,0.10010786104706622,6.316548376457105,38.65229028144596,32.36018791178233,6.354743350141171,68.65336616784944,-8.126024149306645,6.408661298112153,30.903744816508258,-42.042612182347376,6.370488793163263
9.975003814307126,0.10010786104706622,6.3150022025820665,38.65273724460192,32.81471290693386,6.35738545177894,68.66286049195077,-7.55264503748671,6.381206466717555,30.903744816508258,-41.586482216215295,6.343327751089751
9.968369456888778,0.10004532100857837,6.318752165475415,38.65248764513555,32.359873917184856,6.358104028272444,68.65345085290494,-7.595280197750873,6.408549192559344,30.91424541827459,-42.02826954295312,6.366550129300398
9.968441646050715,0.10004983563779739,6.318752165475415,38.65250922831643,32.35988677541268,6.356995593677203,68.65345085290494,-7.600414626285855,6.341421862166534,30.917992301768727,-42.02826954295312,6.324947515469682
9.968586328339573,0.1000496962146947,6.317153871509709,38.64737307521213,32.359873917184856,6.357421531555243,68.65345085290494,-7.5520314169371465,6.402843784179467,30.920883994172254,-41.78691519481634,6.345789262077134
9.975003814307126,0.10010786104706622,6.3150022025820665,38.65229028144596,32.35955021434082,6.354782559538677,68.66286049195077,-7.570727025411295,6.408994666083977,30.903744816508258,-41.586482216215295,6.343327751089751
9.998973243136454,0.10000211087015173,6.34964561250598,38.65271578559346,32.359554711721046,6.357422766262499,68.633110163618,-7.784052810521127,6.3836943710279925,30.922557778086297,-41.21244652031873,6.342433321660091
9.999143477422978,0.10000206528164296,6.3119439202069945,38.646295095369084,32.359554711721046,6.325025003383455,68.77610546850241,-7.784052810521127,6.412235485067626,30.922557778086297,-41.19838006444297,6.36541358560598
9.998973243136454,0.10000211087015173,6.34964561250598,38.65271578559346,32.32532442609963,6.357422766262499,68.63899734964255,-7.7909734803701545,6.3836943710279925,30.908611002358157,-41.21244652031873,6.371028639402398
9.999013790530508,0.10000211087015173,6.349965236445339,38.65187958123301,32.32532442609963,6.357422766262499,68.65448085106836,-7.7909734803701545,6.3836943710279925,30.908611002358157,-41.21244652031873,6.371028639402398
9.989935320645829,0.10000140219140267,6.34964561250598,38.65271578559346,32.32179206205439,6.36964724719042,68.63899734964255,-7.798319580399099,6.3836943710279925,30.908611002358157,-41.21244652031873,6.371028639402398
9.937184152571653,0.10011623262695102,6.252199383003497,38.413527867312176,32.3253357111305,6.346698054635181,68.68048475907018,-7.570727025411295,6.41038860621094,30.903744816508258,-40.91386045217746,6.36479485059245
9.913310549661311,0.10004921970390634,6.252199383003497,38.413527867312176,32.3253357111305,6.346698054635181,68.68048475907018,-7.570727025411295,6.409951814723312,30.903744816508258,-40.858637169524144,6.287095965394604
9.937184152571653,0.10011623262695102,6.251196175689936,37.77457241394271,32.3253357111305,6.414037448854911,67.8451682947592,-7.570727025411295,6.552363806319031,30.903744816508258,-40.907523628063316,6.258785291580825
9.992578275143954,0.10010837817236916,6.355685559133162,38.90290309837305,31.355193016517617,6.361839033495845,70.7439366438576,-7.59525937538772,6.38281393226694,31.074804144707947,-41.46118945013098,6.412569534723185
9.998973243136454,0.10000211087015173,6.34964561250598,38.65271578559346,32.32532442609963,6.357422766262499,70.65598002471464,-7.7909734803701545,6.3836943710279925,30.908611002358157,-40.05224068685294,6.364140612705317
9.997734448450263,0.10000511883060137,6.350810086934057,38.946299795036936,32.27786289014115,6.357805629814745,70.60809231567796,-8.946173060328437,6.384572140964456,30.87693111573563,-40.05551991073724,6.362135685007666
9.99769434552865,0.10005709531365181,6.276390222701464,38.946299795036936,32.27754451079367,6.313894603687996,70.60809231567796,-8.946173060328437,6.4406263654753095,31.17684978659515,-40.05551991073724,6.362135685007666
9.995365881603657,0.10004819458261306,6.28621804923237,38.93419865758281,32.35921694906642,6.315257320462626,70.69813190435849,-7.595292287252137,6.38831973902207,31.000535354458684,-39.92778654313222,6.3635241401535145
9.995365881603657,0.10001109747090194,6.287175334404033,38.93419865758281,32.359873917184856,6.315257320462626,70.76938656021727,-7.595316066581298,6.415183784264268,31.06899393556822,-39.92778654313222,6.363882260208723
9.988364566259065,0.10004798431547254,6.350128246505076,38.62811162918062,32.355172723661184,6.315257320462626,70.69847320681305,-7.5968381979311275,6.411834528772863,31.0691134302829,-39.91858880229009,6.373474878323924
9.975370973972112,0.10004796915308738,6.350083240637374,38.9185596127856,32.359873917184856,6.316667236794727,70.62549428081616,-9.132621882939306,6.410635980631299,31.073600605508357,-39.80204959568981,6.322745912527234
9.913310549661311,0.10004921970390634,6.348723962224034,38.413527867312176,32.38687687187493,6.346698054635181,68.67930357040719,-7.570727025411295,6.409951814723312,30.903744816508258,-39.727664597974965,6.286598957435845
9.996241128430315,0.10004797159491424,6.349821747421598,38.946299795036936,32.4166080748099,6.316906700348397,70.73138885325747,-7.595283311323703,6.411095511437522,31.072888726407957,-39.61352074109858,6.335261529664131
9.996260376565017,0.10004794470353488,6.352477693233884,38.946299795036936,32.359873917184856,6.3251417693514425,70.72995234758508,-7.595283311323703,6.411095511437522,31.069630545618747,-39.61352074109858,6.367744356151903
9.96862587818271,0.10002830110128225,6.3500498967146966,38.81544218474162,32.359873917184856,6.316670799301285,70.8964663907069,-9.133932465056978,6.387146837573921,31.17745709641466,-39.61492084935532,6.286489955573347
9.996260376565017,0.10004794470353488,6.276030340038701,38.946299795036936,32.27295698759959,6.312889504482386,70.72995234758508,-7.595283311323703,6.411095511437522,31.072888726407957,-39.61352074109858,6.4103105329421215
9.996260376565017,0.10004794470353488,6.274985591529406,38.946299795036936,32.27295698759959,6.312889504482386,70.6603139794879,-7.595283311323703,6.411095511437522,31.072888726407957,-39.561390820625874,6.422004540759698
9.988106095367481,0.1000338770899423,6.340217212776406,38.946299795036936,32.27754451079367,6.349830449826048,71.16070351462466,-8.60514267847261,6.383305156614331,31.176509941770544,-39.10054653202058,6.345830403698677
9.937093415504748,0.10011795431090817,6.2556986503358525,41.37782650188985,28.472737066133504,6.349520584482021,70.70249861131629,-11.820630096125324,6.3826085823048135,31.18753059311154,-42.539294838175294,6.364002502074802
9.913219812594406,0.10009734331648266,6.2556986503358525,41.37782650188985,28.472737066133504,6.349520584482021,70.70249861131629,-11.820630096125324,6.3821717908171856,31.18753059311154,-42.484071555521986,6.286303616876956
9.939595533608223,0.10005125661902722,6.255441920921529,41.44032558778717,28.472737066133504,6.357608834896623,70.70249861131629,-11.820630096125324,6.38221713742392,30.21479418826114,-42.131210299998216,6.328132132566566
9.580217863510088,0.1000507052688063,6.211812621516211,37.30856000281145,31.34489852497382,6.313174435012534,68.67900259839782,-9.211833505600012,6.353548173660356,30.993419015700223,-39.894956659745795,6.326859092678136
9.591604379547684,0.10001370258179237,6.277958339734895,38.63491459637467,28.56909535884366,6.349910985685894,68.67696220144141,-9.060252313619054,6.340636419914501,30.928881975796926,-42.2805516793668,6.2617246519919805
9.59072278005462,0.1001643774752645,6.279579171418678,37.562909631802775,30.699125883004733,6.324452387797026,67.63402338931667,-7.5777983530685065,6.341004620521968,30.928933620103074,-39.713565515503156,6.254537388616107
9.590312382142638,0.10011300950671478,6.208720544988258,37.562909631802775,30.23069275619576,6.312705279363574,68.67808387941758,-9.226081761102868,6.353574038274213,30.99607710547124,-39.72216185010172,6.332276856834741
9.590312382142638,0.10009591015246534,6.279579171418678,37.562909631802775,30.06200043095345,6.324556432938063,68.6779142178734,-7.577655483975387,6.339453845040904,30.928933620103074,-39.713565515503156,6.267358854008367
9.590312382142638,0.10009953165808495,6.279579171418678,37.562909631802775,30.06200043095345,6.324556432938063,68.67574313279327,-7.577655483975387,6.339453845040904,31.20232987630779,-39.713565515503156,6.341967240552169
9.590312382142638,0.10000203869802107,6.279579171418678,37.562909631802775,30.020964548541425,6.324556432938063,68.67593613695173,-7.577655483975387,6.339818393444829,31.176977093772088,-39.713565515503156,6.340269909027479
9.590312382142638,0.1000180877903924,6.279579171418678,37.562909631802775,30.06200043095345,6.324556432938063,68.6779142178734,-7.577655483975387,6.339453845040904,30.928933620103074,-39.596600476840834,6.267358854008367
9.569193685672003,0.10043615430843479,6.279171649057483,37.562909631802775,30.06200043095345,6.323276962381365,68.67727430856135,-9.14317346450011,6.380980340584184,30.928933620103074,-39.58131290932081,6.265158089089074
9.590312382142638,0.10005309107097474,6.357508377540222,37.5717689693544,30.06200043095345,6.324141836671384,68.73493963681403,-7.577655483975387,6.339453845040904,30.928933620103074,-39.54761434312294,6.267358854008367
9.590312382142638,0.10005309107097474,6.357508377540222,38.72722711085543,29.924763168097822,6.324141836671384,68.73493963681403,-7.4977236338002475,6.343066498744819,30.920782951161943,-39.54761434312294,6.343015752281753
9.583990296549985,0.10024923982120233,6.3494352322831595,38.65269701047191,28.329389713905893,6.40795719673162,68.64466729930452,-9.20955186539858,6.381947821415343,31.08849280994642,-39.72206075055616,6.338888603405728
9.568998421537891,0.10041769653254859,6.349374033738459,38.652147311168925,28.348104173993388,6.323306685999987,68.62807975238285,-9.198850540156926,6.381948178126103,30.91015092747938,-39.88772234785088,6.343357303873321
9.455173372739855,0.10007839288884796,6.2963602436029085,37.57302176070402,29.889705115117135,6.3134423299043885,68.61735484530358,-7.610550469362534,6.358781338746485,30.700229910968055,-37.17898007573053,6.337948349899879
9.457952501652505,0.10005046332414533,6.317533039286831,37.57302176070402,29.788933735758693,6.3134423299043885,68.6182229649006,-7.595823895078276,6.358781338746485,30.661128536826503,-37.17898007573053,6.337948349899879
9.256673360524072,0.10012708908194184,6.295833481438594,37.46462570370514,28.477566088420847,6.339896837857388,68.10617469591116,-7.6067012389617785,6.383303123098905,31.0833722905459,-39.99204327229855,6.274800490900978
9.255982965986284,0.10004921347505957,6.308958257896193,37.481229201659076,28.383464989428358,6.361016991083902,67.46772876654119,-7.508121973044755,6.371513756800479,31.084565026809255,-39.99204327229855,6.179780929589438
9.29176944597069,0.10010455375928469,6.272773743719336,37.58497956022847,28.272588366603003,6.315222371517836,67.69059329789748,-8.701583575141179,6.371513756800479,30.198679435277015,-39.29199114898822,6.367666015166224
9.216035084311988,0.10005795546049245,6.285603978044626,37.8821126684033,30.78109084420886,6.303823467643833,67.61759668883806,-7.627537728381479,6.383988515203775,31.010174435628628,-37.11147840162005,6.247497721634252
9.29176944597069,0.10004067852581174,6.318096527411464,37.58497956022847,28.307400963785238,6.315222371517836,66.06237889255671,-8.648252322172702,6.3714042747137825,30.518136562829188,-39.30592173047518,6.247531413388487
9.29176944597069,0.10001095068172952,6.266673811067207,37.58497956022847,28.272588366603003,6.315222371517836,66.33633732055875,-8.701583575141179,6.371513756800479,30.207582815934163,-39.29199114898822,6.367666015166224
9.29176944597069,0.10043392173510832,6.181439770721023,37.58497956022847,28.35128970878042,6.315222371517836,66.06237889255671,-8.690293299108443,6.373631110113551,30.57025447097981,-39.244051269672624,6.342127958206326
9.295512524541367,0.10000140495949074,6.3543010245622735,37.58497956022847,28.339941703462088,6.357132636891417,65.94889990048826,-8.701583575141179,6.38364157150747,30.940715256032338,-39.27949713527576,6.268969403851815
9.261293167855042,0.10004980251699636,6.309390534276058,37.57302176070402,29.99672302783271,6.312750210795122,66.48938782571213,-7.610550469362534,6.39267749562567,30.70035232211528,-37.29161710287049,6.339431463961811
9.261293167855042,0.10007798604040513,6.2963602436029085,37.57302176070402,29.99672302783271,6.3134423299043885,66.48938782571213,-7.610550469362534,6.39267749562567,30.693554030735207,-37.15084127022644,6.33815936369932
9.235761057267043,0.10006239573221946,6.204701848124436,37.609528624012036,29.113445951066982,6.332862266600371,66.48938782571213,-7.610575631453895,6.3623570004236765,30.665222292914482,-37.25625198521929,6.214788321430802
9.235761057267043,0.10001353886845378,6.272005266311396,37.609528624012036,29.113445951066982,6.332570412871799,66.31918970501651,-7.613096762881174,6.3623570004236765,30.665222292914482,-37.25625198521929,6.262036334065357
9.216982185976976,0.10042192025484653,6.2959377199574185,37.60757551280206,28.601704690743766,6.354369740612529,65.64883772195996,-9.18900761365849,6.3841198734111115,27.881864049863708,-37.10879953099501,6.216850475284263
9.199467618923704,0.10042192025484653,6.2959377199574185,37.60757551280206,28.34173810707038,6.299010083430472,65.76979911736113,-9.18900761365849,6.3841633182170785,27.881864049863708,-37.151294168387025,6.216850475284263
9.199467618923704,0.10040446659426044,6.268031168322196,37.62303043639956,28.347467142161772,6.2913552525445455,65.76979911736113,-9.183896313252328,6.38305361331042,27.885552931928267,-37.151294168387025,6.343700781028451
9.071401662169414,0.1000600371931974,6.21231055243281,37.31338695890808,29.123081864179056,6.35315807252803,65.65312401833502,-7.6919477606755144,6.381606637063078,30.22448964170385,-36.09643113172872,6.183244715226504
8.991461912094337,0.10000215052002834,6.244364937399003,37.29487512825885,28.345628479081018,6.3534463796061305,65.65312401833502,-7.592666639964536,6.335633254311983,31.11408169801793,-36.529397674313735,6.183574281812339
8.884711718261006,0.10005010003357392,6.188520439918817,37.59291979156762,29.112244391209643,6.332859893424309,63.85260318510914,-8.8597109256882,6.36329617353591,28.54265893276508,-36.11555095445331,6.220911955142899
8.796569236375426,0.10009047523134264,6.15247368170536,35.369659871131155,28.361452475294318,6.331339381152935,65.36537239853064,-7.582755449397674,6.2639000012070305,30.14669472876127,-36.52776885059045,6.270350651438761
8.793772519632068,0.10001057662853645,6.15247368170536,35.369659871131155,28.361452475294318,6.331339381152935,65.36537239853064,-7.581963565234693,6.369965131388734,30.14669472876127,-36.52776885059045,6.274711429192531
8.815507950223369,0.10023222533201116,6.152581174321688,36.03992901193546,28.39348083376687,6.313381494949851,65.31416851816314,-7.578772230664471,6.383778898788707,28.53571078717079,-36.52776774348181,6.2785215645050405
8.796541325920378,0.10009047523134264,6.15247368170536,35.369659871131155,28.361452475294318,6.331339381152935,65.36719827796819,-6.663486654984629,6.262358313316616,30.2423689803212,-35.99171562003988,6.270482805885293
8.815480039768321,0.10023222533201116,6.152581174321688,36.03992901193546,28.39348083376687,6.313381494949851,65.3159943976007,-6.659503436251427,6.382237210898292,28.631385038730723,-35.99171451293124,6.278653718951572
8.812873164027673,0.10006930558333965,6.186237231671684,37.53254854432707,28.340685157418978,6.308125205035297,64.03168964348748,-8.490000061404253,6.338605577132674,29.131100015939168,-35.945923397467574,6.270446539600011
8.81530461332082,0.10023700527867861,6.186861359081098,35.67713149244688,28.39348083376687,6.313381494949851,63.782854892116404,-8.992415127791354,6.382237210898292,28.48873978672232,-35.97735991752299,6.345826007650384
8.81530461332082,0.10023700527867861,6.187124379625706,35.3211474733865,28.396564156180798,6.325464575517634,63.782854892116404,-8.992415127791354,6.38392554456814,28.48873978672232,-35.97735991752299,6.345826007650384
8.80682595865901,0.1000326937754456,6.188520439918817,35.30739511301319,28.398757026520343,6.367104335754033,64.01677730670627,-8.832435819977485,6.119531868311552,28.570571450687538,-35.90354598822909,6.320078705681333
8.80752397996368,0.1001376615669044,6.156519429874399,35.404286909995726,27.760202601849695,6.298115621566984,63.7938998169828,-8.731523126442582,6.3824279823369645,28.487184818584478,-36.02360887498863,6.0540745062965
8.80569313923387,0.10008153777483444,6.151722479227124,34.178747055905504,28.311122566100277,6.142291868328207,63.807636490235765,-6.209550548439303,6.363360108761307,30.149069735306185,-35.53225920533015,6.280546324288393
8.805402946502621,0.10001234043398011,6.145071570774919,34.219553006038026,28.32942015616306,6.132959678610749,63.807636490235765,-6.207918556376377,6.393605408412216,30.149069735306185,-35.53225920533015,6.274840242809907
8.805402946502621,0.10008153777483444,6.23490325501828,34.219553006038026,28.32942015616306,6.132959678610749,63.807636490235765,-6.139646950166016,6.393605408412216,30.149069735306185,-35.53225920533015,6.274840242809907
8.740892542292443,0.10007941693883057,6.201751185360669,35.32143023069923,26.831630225443543,6.3316729897033275,62.83276634659805,-8.748326242703296,6.142308046018634,27.446179881298928,-36.02147196724528,6.195337331841874
8.79174067433586,0.10011989652867946,6.2066089462214515,35.32143023069923,26.890193134250264,6.140452688659121,62.83276634659805,-8.197877646660585,6.142308046018634,27.424607985134397,-36.01102791718752,6.0540745062965
8.749085255905234,0.1001234287097597,6.201751185360669,35.32143023069923,26.884098605544988,6.360517202092663,62.83276634659805,-8.166505406394949,6.152814553742868,27.424607985134397,-36.011458808376865,6.048771864229134
8.749085255905234,0.1001234287097597,6.201751185360669,35.32143023069923,26.884098605544988,6.360517202092663,62.83276634659805,-8.197877646660585,6.396633820695543,27.424607985134397,-36.01102791718752,6.048771864229134
8.749085255905234,0.10002929112713736,6.339794461472294,35.312880266129746,26.890193134250264,6.140452688659121,62.83276634659805,-7.675336265588463,6.12815936851169,27.54312658251883,-36.01102791718752,6.180148410545646
8.810280717867183,0.10006892347457921,6.040506163051888,34.91372805681635,26.916265862020964,6.139070748406917,62.83276634659805,-8.197877646660585,6.142308046018634,27.424607985134397,-35.663853999303385,6.0540745062965
8.744978615063559,0.10011989652867946,6.3512053809352,35.32143023069923,26.890193134250264,6.09452079120923,62.60684335513597,-8.197877646660585,6.126774874182894,27.558561737536387,-35.84713658576053,6.0540745062965
8.474091751810732,0.10010959514789086,6.3512053809352,35.32143023069923,26.711458336091805,6.09452079120923,62.60684335513597,-8.197877646660585,6.126774874182894,27.558561737536387,-35.99248588322015,6.0540745062965
8.474091751810732,0.10010963210841384,6.345228115112816,34.5816150179368,26.711458336091805,6.09452079120923,62.60684335513597,-7.46502722561932,6.127449469551097,27.558561737536387,-35.99248588322015,6.0540745062965
8.276862149053617,0.10006489811470345,6.194668539367662,-31.203428525918532,29.97017288074897,6.161648834743,0.7826204947736606,61.98416295418696,6.133007870411048,31.500470595817383,27.684715980643176,6.289739354334762
8.276862149053617,0.10003710221908577,6.194668539367662,-31.064892066922432,29.97017288074897,6.161648834743,0.7809483989568428,61.98416295418696,6.133023579545112,31.500470595817383,27.684715980643176,6.289739354334762
8.24584976969755,0.10017867901131955,6.194668539367662,-31.105216624213874,27.420260524923705,6.161648834743,0.7809483989568428,61.98416295418696,6.183438580475893,31.481933019379465,26.80548082815596,6.281801420219162
8.24991163439627,0.10004038539635458,6.172836226313157,-31.43840143772261,32.24918336821852,6.141151955737193,0.8434253005699535,61.51229358907761,6.154566733170655,30.945105855062398,28.914534400083628,6.245899241980505
8.24991163439627,0.10004038539635458,6.172836226313157,-31.43840143772261,27.397868995830237,6.141151955737193,0.8434253005699535,61.51229358907761,6.154566733170655,30.945105855062398,28.914534400083628,6.245899241980505
8.24991163439627,0.10004173632705045,6.179093657786831,-31.43840143772261,32.24918336821852,6.141151955737193,0.8434253005699535,61.51229358907761,6.154566733170655,30.27025585207968,28.914534400083628,6.245899241980505
8.24991163439627,0.10010712673822877,6.056753654374661,-31.282221787347158,32.21114383611168,6.09620362166171,3.0287612607198278,61.5973286486243,6.25069774990099,30.263842613442012,28.914625730451704,6.245899241980505
8.24991163439627,0.10005056337472024,6.251880043140029,-31.282221787347158,32.32802904468144,6.08906853902423,2.3620041574922084,61.5973286486243,6.246778063927607,30.263842613442012,28.914534400083628,6.244697215381824
8.24991163439627,0.10004884503935475,6.2581236277145695,-31.282221787347158,32.24918336821852,6.08906853902423,3.0287612607198278,61.468441623845294,6.241147535696259,30.263842613442012,28.914550347151952,6.245899241980505
8.235434859631079,0.10004846863476827,6.073060965957319,-31.494070847573685,32.24918336821852,6.08906853902423,3.0287612607198278,61.46769110966769,6.158457537623404,29.9029983268936,30.19663141690245,6.257915033676379
8.230469083045142,0.10010714408611047,6.07105367062504,-30.83741725089209,29.955062846169692,6.06478742412647,2.5605915282340206,61.42225610296812,6.092850545269222,30.647072871802862,29.035758744259525,6.078956829936292
8.259657913808727,0.10033379834819217,6.039196110992955,-30.83741725089209,32.364454559803114,6.081908659745575,2.639482657117725,61.42225610296812,6.089120413624382,30.243504861263585,28.16316154677017,6.2422704308722885
8.247198571590374,0.10010714408611047,6.1139492488456515,-30.83741725089209,29.955062846169692,6.081914015283044,2.5652124960718714,61.42225610296812,6.095932559463589,30.245984152690156,29.035758744259525,6.078956829936292
8.31377052629962,0.10010714408611047,6.039196110992955,-30.83741725089209,28.429165514117095,6.081908659745575,2.5605915282340206,61.42225610296812,6.094465946357783,30.243504861263585,28.968929421007253,6.078956829936292
8.191033474827162,0.10010714408611047,6.204557397586482,-30.83741725089209,29.955062846169692,6.081908659745575,2.5605915282340206,61.38267869352082,6.0938333591959095,30.243504861263585,28.968929421007253,6.078956829936292
8.25185636226358,0.10014900804695327,6.0379346791189805,-30.521358361691675,28.716483781609238,6.076538139435286,0.537208265871022,61.08856850647402,6.09433378879143,30.335625001966505,27.993925559281287,6.294720974897915
8.189558930665514,0.10005436695443222,6.17615419041349,-30.28579819606647,28.872185701282383,6.077773587046038,0.8476331709084541,60.080418561471916,6.151652006348425,30.25596137677829,29.024934273575354,6.097747621162905
8.078870054608178,0.10005399189759344,6.04853656808763,-29.998712244233673,29.93741306689174,6.078300317013,2.66682621318569,60.4412932059293,6.160839383028285,30.418179129053907,26.79343771809784,6.08061029618071
8.078870054608178,0.10017930513586362,6.051918012605504,-29.998712244233673,29.93741306689174,6.07839950916042,2.6460553726923344,60.42013991302546,6.176138087649702,30.386002464073734,26.83957461521903,6.08061029618071
8.190056064089875,0.10005414767297661,6.198650619212871,-30.338689368945968,29.834606040965674,6.132710323128833,0.7989239161815445,60.09593140825386,6.09495969994236,29.354715854193046,29.17401230125584,6.094008701064895
8.193040348444928,0.10005414767297661,6.179511633597148,-30.59857250883457,29.02093645585632,6.078713815155165,0.7989239161815445,59.565494154345295,6.093469675134092,29.354545272251322,29.029031811758223,6.133030149914999
8.1945029160364,0.10005497246564626,6.181526737723122,-29.16332247003549,28.91442211162807,6.083842971248408,0.9685117934382343,59.57083326463269,6.140355448991741,30.243504861263585,28.962000672361082,6.185365844951908
8.091072061679814,0.10005496608706539,6.039196110992955,-29.169132669943497,29.76818192306232,6.083842971248408,0.7817808998814902,59.57083326463269,6.140355448991741,30.243504861263585,28.962000672361082,6.185365844951908
8.091072061679814,0.10036342878548193,6.039196110992955,-29.169132669943497,29.72049425641395,6.083842971248408,0.7645199335035597,59.57083326463269,6.140355448991741,30.243504861263585,28.962000672361082,6.185365844951908
8.190348957202623,0.1000538257627213,6.1791684117301875,-29.16342615785929,28.8749142883154,6.140943629780977,1.161528813314892,58.337372686161835,6.0929281538984785,30.238509916269013,27.90847175084132,6.039081485608486
8.188729801246637,0.10005436695443222,6.1791684117301875,-29.16342615785929,28.872185701282383,6.087647146994431,0.9753744739224222,58.337372686161835,6.093022703116864,30.238509916269013,27.90847175084132,6.039081485608486
8.018661866964209,0.1000114697378637,6.05577239462339,-29.00607589433836,28.770724748460985,6.087633219302426,2.7524131128828224,58.62887556011218,6.09355840263117,30.313246030435586,27.610015023820765,6.036936668469397
8.019245480060242,0.1000001886298005,6.052963429534981,-29.00607589433836,28.776156610155954,6.0944400145734985,3.513091092078728,58.79936642216808,6.09355840263117,30.144983681624748,27.91961917448206,6.036936668469397
7.964091895281569,0.1000000010858769,6.043468727386687,-28.152621521519574,28.649575330289522,6.090045457243861,2.75729093447635,58.362553371640196,6.09355840263117,30.999226875057165,27.916068052919584,6.040208834616653
7.964091895281569,0.10031084967646726,6.152337799836235,-30.201515376969454,30.333037387719965,6.088195489755142,2.7758293358241666,58.362553371640196,6.143327467252757,28.73845948716629,27.9483108437142,6.18212265920751
7.964091895281569,0.10000000543267443,6.043468727386687,-27.899080052621507,28.649575330289522,6.089289161402221,2.75729093447635,58.362553371640196,6.093895306161845,30.999226875057165,27.916068052919584,6.040208834616653
7.974025040241318,0.10005809116462981,6.054888955991067,-28.529768267649057,28.82463231352623,6.088102888677147,2.757047125604341,57.93743396043721,6.0909900557841,30.243889105147137,28.178581638185257,6.034885105222857
7.964091895281569,0.10057349343257692,6.060817446427514,-30.04360343018738,28.41455329048066,6.087475574590034,2.75729093447635,58.43123365486854,6.093338144979554,28.727334508380054,27.903659832977763,6.034296480722474
7.964091895281569,0.10057349343257692,6.05741609214384,-30.04360343018738,28.41455329048066,6.087475574590034,2.75729093447635,58.362553371640196,6.09355840263117,28.727334508380054,27.92628494444717,6.034296480722474
7.964665726466501,0.10057020115242611,6.143357170693489,-30.12426212963707,30.387706770084055,6.0795273442115825,0.7609350872923022,58.362553371640196,6.09355840263117,28.530391804647415,27.92628494444717,6.034296480722474
7.970631906838667,0.10026041827353777,6.038521205909358,-30.014109248836263,27.227321781237375,6.0573937393582975,0.8110633034162587,58.64579099123034,6.1820925898677315,28.37269009297662,28.22256634969432,6.081539676395621
7.963720077532054,0.1000000010858769,6.039800049282173,-28.227477581587408,28.649575330289522,6.090045457243861,2.774378837923686,58.362553371640196,6.09355840263117,29.789295943697354,27.672018423918715,6.0344904267107315
7.955210140822337,0.1000000010858769,6.043468727386687,-28.152621521519574,28.64545896101878,6.090045457243861,2.75729093447635,58.362553371640196,6.093465056460485,29.88994162354071,27.916068052919584,6.040208834616653
7.970631906838667,0.10024888921849497,6.041440164728225,-30.01531767440663,27.220989647319453,6.0573937393582975,0.7146370784006275,58.13986171516393,6.1820925898677315,28.197951417124717,28.22802964987884,6.121310505041881
7.970631906838667,0.10026041827353777,6.041440164728225,-30.014109248836263,27.227321781237375,6.0573937393582975,0.7146370784006275,58.13986171516393,6.1820925898677315,28.197951417124717,28.22802964987884,6.12850419004104
7.944930139875255,0.10006052759906359,6.10337241782732,-27.53863650588001,28.95199415910834,6.079261142353419,2.847905074119248,58.099918526531496,6.106525572999689,29.99189419194325,26.308425541101272,6.094556361094826
7.964875289532147,0.10006039140303691,6.054762296928678,-27.706994138195732,28.8309950274416,6.180056372456065,3.0510383653930693,58.08445984865976,6.175072333826707,29.991514979188285,27.62131257981128,6.145667946655743
7.964875289532147,0.10006039140303691,6.054762296928678,-27.510438099396243,28.8309950274416,6.053373400564765,3.0510383653930693,57.93859183525013,6.175072333826707,29.991514979188285,27.62131257981128,6.131739997286943
7.964875289532147,0.10006039140303691,6.054762296928678,-27.494344143165698,28.816111223267267,6.053211028675349,3.0477383023948263,57.93859183525013,6.17480405109043,29.991514979188285,27.681493265866376,6.1282847229011805
7.964823431258238,0.10003109542338906,6.178705063418713,-27.494344143165698,28.830697884038923,6.053373400564765,3.0563927090627847,57.79531560507052,6.092412180228921,30.219636639105584,27.661981278164525,6.130300537032739
7.944967353837887,0.10009188587313299,6.10337241782732,-27.534502781529497,28.95199415910834,6.089236165883252,2.847905074119248,57.46052691760656,6.1123857545778595,29.94877739853844,26.303297790799142,6.094556361094826
7.954921099937052,0.10007626286737306,6.067850703772534,-27.457719521318655,28.935849373398696,6.089236165883252,2.734258431809332,56.78695218442339,6.1123857545778595,29.94877739853844,26.234559739709454,6.038423179868776
7.954921099937052,0.10003925755288808,6.067850703772534,-27.457719521318655,28.802321233846886,6.087937512948917,2.5549135735201114,56.78695218442339,6.110557674674158,29.94877739853844,26.234559739709454,6.038423179868776
7.880774010128509,0.10004013685743396,6.054762296928678,-27.494344143165698,28.830697884038923,6.0575096306793865,3.505947227369201,57.06271603510472,6.174820997100829,29.94798508470617,27.681493265866376,6.110421159658512
7.880774010128509,0.10011830998114342,6.054762296928678,-27.4832081874156,28.84423871390281,6.110599028820655,3.093814057746688,57.281352510954264,6.1946666467541025,29.94798508470617,27.658118617951494,6.131637376804248
7.880774010128509,0.1000482657534917,6.054706918302183,-27.494344143165698,29.53565661866299,6.054570354655603,2.0659780259897813,57.06271603510472,6.161156204864099,29.819699034988027,27.669787135309903,6.080228618658447
7.880774010128509,0.1000482657534917,6.054706918302183,-27.494344143165698,28.42300670069686,6.054570354655603,2.0659780259897813,57.06271603510472,6.161374188160404,29.8324687410023,27.65094780241714,6.080228618658447
7.880774010128509,0.1000482657534917,6.054762296928678,-27.494344143165698,28.42300670069686,6.054570354655603,2.0659780259897813,57.06271603510472,6.161592182734305,29.8324687410023,27.681493265866376,6.0267710350996335
7.879003934246647,0.1000482657534917,6.054776214295227,-27.383286986519103,28.42300670069686,6.054713213442528,2.0659780259897813,57.06271603510472,6.180610412206415,29.8324687410023,27.681493265866376,6.0267710350996335
7.87975977636074,0.10008146949078685,6.052787258715329,-28.017954446444502,28.43505091589724,6.136065070187307,1.2029505758449748,56.76344642449294,6.057623455787746,29.106305555150634,27.051123489374703,6.099532901425694
7.842900632104142,0.100084586078849,6.067894272840869,-27.311033943811516,28.28872046922283,6.1407542667609585,2.7709809102299565,57.058230128424796,6.09345486184346,29.813405529573423,27.91554972042328,6.0436482577443735
7.880818893440913,0.10008146949078685,6.052787258715329,-27.774266190439366,28.43505091589724,6.126060414757107,1.1904851562940166,56.76344642449294,6.057623455787746,29.140631613749804,27.051123489374703,6.099532901425694
7.8797863035787366,0.1000875036096988,6.052787258715329,-27.519090382575,28.34726243499437,6.054678468066901,0.4481595406829584,56.76344642449294,6.099990234515715,29.255285397102345,27.916780302641975,6.13002493401766
7.880818893440913,0.10008751399643451,6.052787258715329,-27.4569902899455,28.43505091589724,6.129317433327738,0.4481595406829584,56.76344642449294,6.075129836105926,29.255285397102345,27.916780302641975,6.092311896159729
7.8797863035787366,0.10000487707669227,6.044730967162576,-27.46361515711663,28.31015248654646,6.054678468066901,0.4481595406829584,56.71746455882209,6.075129836105926,28.997154186445304,27.916780302641975,6.13002493401766
7.880774010128509,0.10002720200541658,6.052204175136097,-27.4569902899455,28.434824293880933,6.129317433327738,0.4481595406829584,56.32951773559796,6.109136917902201,29.147576024508187,27.73152484820147,6.09680391676561
7.881074788058204,0.10008146949078685,6.052204175136097,-27.4569902899455,28.36018785263559,6.129317433327738,0.4481595406829584,56.32951773559796,6.075129836105926,29.147576024508187,27.916780302641975,6.09680391676561
7.8800402928038755,0.10008160135624208,6.116789222269208,-27.430732905931183,28.434824293880933,6.0552415588378246,0.43906163965335465,56.327799235881244,6.075129836105926,29.16081573517468,27.916780302641975,6.127983498841462
7.8797863035787366,0.10008751399643451,6.052787258715329,-27.430985051226042,28.43777683764054,6.0547402604558505,0.4481595406829584,56.327763726016975,6.075129836105926,29.157732847263038,27.916780302641975,6.130436475995943
7.861557743217921,0.10008146949078685,6.117936752594513,-27.43074607891167,28.434824293880933,6.055468817124591,0.44805979139606406,56.26094217571403,6.080440897063151,29.150221615271082,27.916780302641975,6.131668011744306
7.497720793403554,0.10006674822042574,5.977680092369052,-25.471253638385427,29.736641412345488,5.988944138148987,11.150759215844914,54.91006203554783,6.11551265687836,30.291352264661,22.619019320471395,6.023608322816261
7.428326759601311,0.10006671031718047,6.067953041570084,-25.471253638385427,29.546003782405396,6.0323520123907235,11.032420017892825,54.382394172098834,6.115467804565854,30.291352264661,22.619019320471395,6.0234438033917606
7.404999888112059,0.10006671031718047,6.067953041570084,-25.471253638385427,29.544814039546754,6.0323520123907235,11.032420017892825,54.382394172098834,6.115467804565854,30.287381322054152,22.619019320471395,6.04217238548942
7.397697935441869,0.10003139699913673,6.067953041570084,-25.471253638385427,29.546003782405396,6.0323520123907235,11.032420017892825,54.382394172098834,6.115467804565854,30.286678767499314,22.619019320471395,6.045215430127274
7.397697935441869,0.10006625404607596,6.067953041570084,-25.471253638385427,29.590692927592894,6.032466474729719,11.032420017892825,54.382394172098834,6.0940762288466175,30.231043533977516,22.619019320471395,6.010705051559883
7.397697935441869,0.10007348668689245,6.066212510332737,-25.471253638385427,29.546003782405396,6.0323520123907235,11.032420017892825,54.382394172098834,6.115467804565854,30.231043533977516,22.614236364433943,6.010705051559883
7.397697935441869,0.10006539703478251,6.067953041570084,-25.471253638385427,29.546003782405396,6.0323520123907235,11.032420017892825,54.382394172098834,6.115467804565854,30.231043533977516,22.619019320471395,6.010705051559883
7.397697935441869,0.10006153938280062,6.046875876219791,-24.21700027276569,32.01883686683693,6.091117825177834,10.8957255168465,54.76951719905374,6.102404601935806,29.920609766100043,22.619019320471395,6.030115738958378
7.418791076921217,0.10000621440420479,6.053093129728469,-24.27511289167188,29.55881780544932,6.03299373632577,11.032420017892825,54.5008084493688,6.110579374740619,30.231043533977516,22.619019320471395,6.010705051559883
7.397697935441869,0.1000490789077042,6.046875876219791,-24.21700027276569,32.01883686683693,6.032077949395569,10.8957255168465,54.38745915823193,6.114227287879612,29.920609766100043,22.619019320471395,6.000404160121405
7.384590118727365,0.10001236107791724,6.023585664374553,-24.21700027276569,31.870552477484175,6.034927315140181,10.796045728726632,54.38745915823193,6.02001077629354,29.862360884681983,22.619019320471395,6.000404160121405
7.30379990309896,0.10013972178427126,6.024422048373151,-23.754669380969347,30.57252443814061,6.018674405070282,10.935397898037925,54.16342923204776,6.085864572281712,30.31484160111743,22.623341746403618,5.9967590953711545
7.30379990309896,0.10005208000975083,6.109361322081545,-23.754669380969347,30.521656586571048,6.018674405070282,11.438254803459103,53.99836303780288,6.085864572281712,30.336283026266738,22.40080548659531,5.9627283945480345
7.297139572218782,0.10035151128577874,6.100117487211592,-24.029712683135948,30.44441049675774,6.018674405070282,11.343395613106608,54.0018904473066,6.073777049381853,30.078821716706965,22.40080548659531,5.938675906896165
7.218259161117464,0.10042702971007259,6.020842767777242,-24.184389061536745,30.524442639345924,6.018699699053087,11.445503960546452,53.91652438501562,6.083391675608283,30.039890318059417,22.310541259005124,6.0358282782761234
7.458344458231933,0.10008152958609158,6.023585664374553,-24.267279961207144,31.524773866356224,6.032790425093971,5.99397432123242,54.153094244724365,6.024602716859759,29.733389079201118,22.655985117500684,6.000404160121405
7.458344458231933,0.10008152958609158,5.9802924663869605,-24.267279961207144,29.667478499613214,5.975244848954818,6.852997555811829,54.153094244724365,6.024602716859759,29.733389079201118,22.655985117500684,5.986166996196125
7.220181670474697,0.10008266236734965,6.012525275168253,-21.87982117251298,28.826052195467387,6.032741342047321,11.417183694872612,51.89202659485587,6.023571986593168,30.63418743137126,21.083977971404362,6.030751329079864
7.065896688820148,0.1004307899076395,6.0544996543807885,-21.87632752273121,28.76361945604199,6.020703110483872,12.138243210429462,51.249234230709796,6.024906905131366,30.6480423758125,21.088336340315962,6.043283703391127
7.004613662942728,0.10006836151663834,6.014431102442295,-22.242189671090873,27.168940309696683,6.032585911103208,10.840914314068758,51.56978353362711,6.0437336477426316,30.36022995255329,21.037178443303308,6.0310140669431975
7.214429495020047,0.10000625219844388,5.980927700884526,-23.635591771568123,29.98163698903067,5.979127630983994,6.889967047576949,51.82323513569615,5.996339379283553,28.25856057962553,22.757307800059692,5.984879842742112
7.214429495020047,0.10008293504642864,5.982784670843826,-23.635591771568123,29.981194234688157,5.979127630983994,6.889967047576949,51.82323513569615,5.996339379283553,28.25856057962553,22.757307800059692,5.984888568127225
7.214429495020047,0.10008474406030105,5.982784670843826,-23.635591771568123,29.934671902383762,5.979127630983994,6.889967047576949,51.82323513569615,5.996339379283553,28.25856057962553,22.757307800059692,5.984879842742112
7.214429495020047,0.10000625219844388,5.980927700884526,-23.465244793166292,29.98163698903067,5.979127630983994,6.889967047576949,51.82323513569615,5.997665241587168,28.25856057962553,22.757307800059692,5.985392829529814
7.107126097748925,0.10033690877933417,6.040750758461783,-23.629920103249052,27.41812455257374,6.03051523419022,7.448772622758377,51.56877980959978,6.100398574786031,27.878062527034892,22.26478481659838,5.912517533405258
7.107126097748925,0.10008675171397226,6.018181055701864,-23.599680826464905,26.619112418926306,6.030671170436278,6.992890486315728,51.56877980959978,6.098459695471427,27.741865618585287,22.26478481659838,5.912556936492529
7.107126097748925,0.10008675171397226,6.0184807429027645,-23.599680826464905,27.31894255991593,6.03051523419022,6.983767235659661,51.56877980959978,6.0967952755234345,27.741865618585287,22.28337248754437,5.912517533405258
7.110808598331358,0.1000089084724642,5.98444603373744,-23.17887033401439,27.364860215335263,5.986754609131323,6.6697888593299375,51.51324934860982,5.890725083051278,27.741865618585287,22.304030950134337,5.952713351938365
7.107126097748925,0.10008675171397226,5.98444603373744,-23.186146395711283,27.320381321727037,6.036522649837076,6.6697888593299375,51.50766484133792,5.890725083051278,27.741865618585287,22.313511986367118,5.912545416078659
7.107511353800541,0.10003945262397755,5.982898330669957,-23.247242324085512,27.172818958687433,5.8829270131817255,6.6020446234582195,51.27028846375333,6.151517817407437,28.042807171168725,22.901257107695372,5.9448976040986174
7.0667080491494305,0.10003945262397755,5.982898330669957,-23.247242324085512,26.992311264292724,5.883793978667074,6.556898369372192,51.27028846375333,5.902689154249897,28.25000424455591,22.698401366047804,5.9448976040986174
7.0667080491494305,0.100171274391574,5.98233129433799,-23.13129814868396,26.965956599531992,5.983324377763166,2.797193342656869,51.2622209662672,5.990958363692704,28.200549958508088,25.84155339670177,5.9831883638894485
7.0667080491494305,0.10007917528145416,5.98233129433799,-23.292554131372274,27.271061078478752,6.056372783105012,2.950944753267146,51.24525003430241,5.996267712766604,28.001524973261844,26.089064027376523,5.953663582203126
7.066023132664203,0.10015878136096425,6.052912729958657,-23.294647739503883,27.372587173697358,6.019323404492794,2.781492741244615,51.245444720809736,5.990362832796817,27.791506815980764,26.156827955366026,6.030680499716855
7.066023132664203,0.10015878136096425,5.96021283267543,-23.294647739503883,27.371322402058727,6.020308319311844,2.8155736607774973,51.213836537398656,5.990362832796817,27.773226643974493,26.089064027376523,5.923055325183205
6.925617718735714,0.10031713346353731,5.914440133650692,-22.763072570032087,26.92028421457014,6.052607371133332,7.098450273220599,50.4074107261871,5.9586292609286176,27.813713759631085,22.173583568425013,5.938675458427928
6.868606379156744,0.10031713346353731,5.914397530369872,-23.120988145295197,26.889622060922818,6.024200474582574,7.098450273220599,50.21675968560165,5.958885543247659,27.466055858252872,22.186671287026,5.935461133955784
6.868606379156744,0.10031713346353731,5.914397530369872,-22.80186266666941,26.889622060922818,6.024200474582574,7.098450273220599,50.21675968560165,5.958885543247659,27.456845881470485,22.186671287026,5.935461133955784
6.868606379156744,0.10031713346353731,5.920462373333083,-22.849058873183658,26.88951175327019,6.024597431329106,7.098003305786671,50.21675968560165,5.95856228132477,27.458949555460354,21.280905046427918,5.933151186801253
6.921297748635886,0.1003284958628787,6.016941463218629,-22.71119654365178,26.88569087953471,6.015970855899309,5.792068987721024,49.166953249261525,5.962268297788315,27.45243484047965,21.326729158517907,5.933226910397017
6.885178420124301,0.10000663607081596,5.919190883086166,-22.728247705366623,26.546813419029977,6.015928421579823,5.792068987721024,49.333730421414096,5.99740213462777,27.437111022034486,21.326729158517907,5.953827596349155
6.885178420124301,0.10039433081570379,5.919190883086166,-22.524520666496745,26.546813419029977,6.094867208359272,6.639416162835625,49.197917859018936,5.99740213462777,27.43523335436162,21.326729158517907,5.9538239385337794
6.621900075071024,0.10001259656656862,5.974930625208473,-19.095018406826743,27.303357686844357,6.026494123832969,7.728235325062735,47.75833736932317,5.996820786902796,27.809028495154667,21.252390836557645,5.953736801154534
6.621900075071024,0.10001237270767076,5.973362019783907,-19.086465874991514,27.2984735955481,6.027025909088519,7.73325729315253,47.30618517452959,5.833422897236595,28.461604083463364,21.263083490675807,5.953442286430052
6.4700801232351735,0.10026499433057619,5.920614372509465,-19.050652481385974,26.891359199693934,6.021372160550659,7.13619157697439,47.226208111507646,6.007256506329922,27.386740688563098,21.33251272062427,5.955437731713203
6.474098377359978,0.10040672142920917,5.96166217953206,-19.045787500579625,26.60682788901598,5.886321975028582,6.659260241851921,46.399395018175724,6.003168387581486,28.248476375749505,21.309555078253464,5.85863140885718
6.391870932571155,0.10036280011915605,5.909350491942929,-18.72581654876166,26.754545788463574,5.882636305981604,6.705669298292887,46.63593437100097,5.9044269971687315,28.607991073521244,23.222169133931214,5.952325888702585
6.366660626967415,0.10000819156715784,5.913638912408998,-18.60260034157435,26.75467829882263,5.972942858032725,6.700005675480581,46.85741111219545,5.9044269971687315,27.763125039268914,21.4442904398313,5.889756516595306
6.3578735369983,0.10034903080817323,5.913638912408998,-18.608293327967612,26.75467829882263,5.973643021231096,6.700005675480581,46.77895544665013,5.9044269971687315,27.818872099056364,21.455365481967952,5.889756516595306
6.338604710752208,0.10036617607996084,5.96062822381469,-18.14039371785991,26.755704896314167,5.886001257202794,6.676521208229852,46.54004116440049,5.904400395878529,28.260133802503137,23.22493400814356,5.951821259857986
6.338778848936124,0.10040672142920917,5.96062822381469,-18.14039371785991,26.607215126669963,5.885816263786065,6.659260241851921,46.53419864128034,6.009454016119156,28.25986276275964,22.436752265767563,5.930907850563876
6.338604710752208,0.10040859566402792,5.959212364785811,-18.14039371785991,26.60172337539641,5.885816263786065,6.659260241851921,46.530432931017856,6.009454016119156,28.260619667217327,22.442460694920186,5.938958458474583
6.300741336061513,0.10040672142920917,5.96166217953206,-18.25885410846191,26.60682788901598,5.885816263786065,6.659260241851921,46.39505879054585,5.92879676421689,27.8439073196105,22.435909999030805,5.853668900900713
6.317259117783989,0.10018598316986391,5.814457912379591,-18.27940031549477,26.60682788901598,5.840946606763946,6.657522292969439,46.358228451074865,5.966690078997905,27.593079232256585,22.44053872431712,5.939768961871936
6.29443854704612,0.10026732611641338,5.971375418481849,-19.050652481385974,26.8934223789569,6.018004313960667,6.5622465421080705,46.052765706432076,6.006907388837787,27.386740688563098,21.33251272062427,5.955437731713203
6.221837785602866,0.10000235256853993,5.95919442393403,-18.264389020684714,26.60682788901598,5.885816263786065,6.659260241851921,46.04487634568425,5.799871016958216,28.240690177146067,22.44250478623826,5.951018458389592
6.221837785602866,0.10000744803695362,5.960610282962909,-18.264389020684714,26.60697475729159,5.885816263786065,6.659260241851921,46.054484579066894,5.799871016958216,28.239933272688376,22.44066924236929,5.95166965077902
6.317259117783989,0.10032338105205373,5.939447632692563,-18.259460943127216,26.60682788901598,6.091305850145751,6.8954781990057255,46.0322064652087,5.728633501027771,27.73325758872275,21.77330082915934,5.93029117857151
6.2952290703279905,0.10033438499118483,5.9628316927493215,-18.60164592509001,26.64508768129493,6.02513065961455,6.566973112928074,46.00140503304896,5.712549428180951,27.741386069205635,22.437415983111002,5.8897152926053264
6.317259117783989,0.10032971138629292,5.9628316927493215,-18.259460943127216,26.60682788901598,6.0945184586246866,6.659260241851921,46.0322064652087,5.728615883944608,27.73325758872275,22.44250478623826,5.944414014969681
6.313384935722155,0.1003305516773064,5.982870165242745,-18.271341942495237,26.60682788901598,5.881042798109242,6.664727406925118,46.02127193166206,6.131073024196834,27.76178568504776,22.433225969482613,5.953535831817223
6.304805093894658,0.10032971138629292,5.855400831638469,-18.271341942495237,26.297168943102463,5.8702755163848686,6.659260241851921,46.00140503304896,6.131073024196834,27.500421021197777,21.70204241042717,5.965227071780783
6.304805093894658,0.10032971138629292,5.9685674911868345,-18.271341942495237,26.297117000460464,5.865424607026938,6.561571609049427,46.00140503304896,6.131073024196834,27.735992509878265,22.434479416265248,5.965227071780783
6.2952290703279905,0.10034222081767984,5.962855514229786,-18.287549372189428,26.64508768129493,5.883461995624211,6.572853440220507,45.99579687885771,5.742493261201787,27.741386069205635,21.790011939308233,6.126210708140994
5.813088955329559,0.10001081699586173,5.853857235925908,-17.984948761374163,22.950067762018037,5.886166119919352,3.351247925995344,42.893974873521366,5.868396918022604,23.583229803137456,21.734858805669106,5.86331869557188
5.813088955329559,0.1000536607692894,5.85452625510795,-17.992979869154585,22.83053232218222,5.885821584819363,3.0939547082154966,42.893974873521366,5.868396918022604,23.593215982061437,21.571227988024884,5.862341712755298
5.821503425101955,0.10002782025755291,5.819698932890165,-18.685709352002682,22.98290553756813,5.88075615460914,2.91142983031651,42.60214283168001,5.845116138887917,23.55228913265681,21.671545934093867,5.8677196149025
5.781079144734572,0.10002801329999297,5.839694066225075,-18.734620946198966,23.124842334306877,5.840679164807397,2.9075478042765663,42.60214283168001,5.757464096236019,23.71274328765228,21.833152594728272,5.864028512250022
5.760646752427099,0.10005021325930899,5.822332945936116,-18.688722574452886,22.966566377679122,5.833678155076693,2.7699570189134337,42.60214283168001,5.844483992178522,23.710334950854815,21.801757374940795,5.858410798276284
5.722616433911334,0.10007889655673742,5.795935389013346,-18.728710558022954,21.671281536920986,5.8742807315780405,2.2832432861124228,41.2956284730216,5.817336520041171,23.633680647910307,21.724095055196884,5.838362316364823
5.722616433911334,0.10001489514869515,5.795935389013346,-18.728710558022954,21.671281536920986,5.8742807315780405,2.2832432861124228,41.2956284730216,5.820939819303768,23.633680647910307,21.705507384250893,5.785303243531248
5.722616433911334,0.10007889655673742,5.795935389013346,-18.745698008606983,21.671281536920986,5.787768808026791,2.2832432861124228,41.104422021911006,5.752579838812929,23.60928002722509,21.723561520287486,5.785303243531248
5.6733856249543875,0.10000381432374311,5.794066568154522,-18.522857883595087,21.702347557387167,5.784032461287479,1.8919663491159864,41.478752253993,5.8353413556718055,22.815977375648075,21.721645807208002,5.89278607461865
5.6733856249543875,0.1000193318090333,5.793892066553146,-18.522857883595087,21.67212892472621,5.784032461287479,1.8591258701330948,41.47766000426296,5.730415443191704,21.979890950019172,21.44635825665727,5.892643422701488
5.65033724024556,0.10020573371253104,5.793832267175466,-18.597643544360796,21.67212892472621,5.780162857360448,1.9312265635971626,41.40161518030091,5.730646029795818,22.049390239648382,21.442658615532448,5.892643422701488
5.551167150047671,0.10001684146074423,5.795930655235633,-17.612252776093314,21.670800995017423,5.790648757099296,2.2872050250267577,41.183494278005796,5.848755502058818,22.01079787291047,21.326303457954474,5.8721264013314896
5.5254455339749535,0.10000410168510832,5.795851331837339,-17.61866136326453,21.702480687620735,5.818299250349674,2.2470543052791916,40.91380029621227,5.831437843473994,22.783245574047157,21.748013264998583,5.8693287921487345
5.506243666829171,0.10000469973184758,5.799294331287729,-17.624307704670233,21.702480687620735,5.817565280368215,2.2833588538595397,40.892153578246244,5.831437843473994,22.783245574047157,21.721486032701005,5.768788673278892
5.506243666829171,0.10000469973184758,5.799294331287729,-17.622275592365167,21.702480687620735,5.817565280368215,2.256828884786573,40.892153578246244,5.831437843473994,22.783245574047157,21.722645693297746,5.763677568519403
5.506243666829171,0.10000469973184758,5.799247787156161,-17.661106959788185,21.702480687620735,5.818299250349674,2.2470543052791916,40.892153578246244,5.831437843473994,22.783245574047157,21.74947758270472,6.038795541678402
5.308690738378173,0.1000087136804906,5.80844267824013,-16.94993671035473,21.577336682541556,5.865692737300279,2.9869935935844385,39.136043443954584,5.751496200997936,21.780707329895975,19.083056431248934,5.785495829579071
5.308690738378173,0.1000087136804906,5.80844267824013,-16.95038486969365,21.577336682541556,5.873902455999852,2.986931389217047,39.136043443954584,5.753557419154893,21.780707329895975,19.083056431248934,5.785495829579071
5.139818377513396,0.10002843705767031,5.820953158111067,-16.17047318954559,21.767073887212188,5.7852944440371665,2.9450146333196834,39.094864276084465,5.750440518502311,22.9224178323342,21.730321001744368,5.751187505166981
5.139818377513396,0.10006540295875004,5.820953158111067,-16.17047318954559,21.767857571763443,5.7852944440371665,2.9426632961990515,39.094864276084465,5.7536081378892465,22.917500347358544,21.743162287114,5.794999162675987
5.130344477343434,0.10002898782742455,5.824726080058827,-16.166385341878446,21.765972524756258,5.7852944440371665,2.908259965854823,39.094864276084465,5.7535331842778215,21.6834046119291,21.451899364804536,5.74396568721489
5.131933556238884,0.10032110429045842,5.8212274742393655,-16.166993116949673,21.633054182188236,5.794422816448842,2.908259965854823,39.094410997260304,5.7535331842778215,22.933470782182898,21.451899364804536,5.760604226762714
5.051355039253683,0.10004901461331574,5.792098836842616,-15.727491132405836,20.950909453534898,5.784829196629069,2.907924680488916,38.492747314369275,5.756046645024165,22.04401947602109,21.91443154127675,5.751827429255147
5.045122749113226,0.10001683875414434,5.792098836842616,-15.70410258577841,20.950909453534898,5.795883638867899,2.907924680488916,38.48637541065562,5.732868768770853,22.04401947602109,21.91406049270674,5.762777087553423
5.031768221752094,0.10021056243641493,5.709123957184907,-16.150501609456914,21.621549013642547,5.791428889649285,2.952118520576192,38.27324771460086,5.721619306781173,21.756613764237127,21.367408379395993,5.8929349617296
5.040112744198871,0.10021498528024728,5.678642272901913,-16.070624456990345,21.623428013253122,5.784865922002051,2.952288616231887,38.26884163628581,5.673920741015453,21.834535359944997,21.35905777917745,5.8929349617296
5.031768221752094,0.10021498528024728,5.824747121121999,-15.942091306139291,21.61613395788524,5.784868420554148,2.9516821096450325,38.26884163628581,5.735156016416792,21.672138163194287,21.35905777917745,5.892664500136448
4.999905606638368,0.10022276725419264,5.678642272901913,-15.729970243741942,21.484983910016922,5.784865922002051,2.952288616231887,38.1752839201274,5.673920741015453,21.834535359944997,21.35905777917745,5.908314753436674
4.999905606638368,0.10022047719067642,5.817362121531338,-16.192134049211383,21.760430513264975,5.784868297319976,2.9096667636366185,38.1752839201274,5.673920741015453,21.834535359944997,21.35905777917745,5.908418730974201
5.031768221752094,0.10021185797573984,5.688434731978863,-16.070624456990345,21.623428013253122,5.784965684307089,2.952288616231887,38.13582643453172,5.67941342416053,21.834535359944997,21.357812477650352,6.111616600104592
4.499839112645558,0.10002064371077297,5.702522232207513,-14.098380411999159,21.576749138753826,5.686915006264856,4.042890586193652,35.3854393016311,5.670509337865735,21.757196848322966,21.46692684366182,5.671324308377066
4.270260985785231,0.10000646120606159,5.7017296512864,-13.690045012517574,21.59959660365019,5.688156638088271,3.9496044858598807,35.340674647229434,5.605197738921258,21.7444807910598,22.019455467899252,5.631384662064293
4.267876027058117,0.10000679884385286,5.7017296512864,-13.59014334692664,21.59959660365019,5.688156638088271,2.920849848796998,35.339353048797065,5.605197738921258,21.757232398944854,22.019455467899252,5.632104505979013
4.270260985785231,0.10000190968403427,5.4394737333677465,-13.690045012517574,22.141206361904324,5.688156638088271,3.9149787150930515,34.612108354059266,5.605197738921258,21.7444807910598,22.019455467899252,5.631380407976361
4.270260985785231,0.10000646120606159,5.4394737333677465,-13.690045012517574,22.128935937820078,5.688156638088271,3.950033635227687,34.612108354059266,5.605197738921258,21.7444807910598,22.019455467899252,5.631380407976361
4.270221824353175,0.10017529401578736,5.821478451724396,-13.696990394521285,22.141030949004048,5.688166973295687,3.912557546902229,34.65969909269462,5.632457079474014,21.50402314259557,22.069449911677502,5.6121659996266
4.270221824353175,0.10017529401578736,5.821478451724396,-13.696990394521285,22.128760524919798,5.688166973295687,3.947612467036864,34.65969909269462,5.632457079474014,21.50402314259557,22.069449911677502,5.64088761414608
4.270221824353175,0.1000202320573262,5.812499413523827,-13.694938853768926,22.150129907071715,5.635941809140287,3.9217882632390597,34.65969909269462,5.840761751246108,21.50101926644663,21.964996542944608,5.64088761414608
4.270221824353175,0.1000202320573262,5.812499413523827,-13.694938853768926,22.150129907071715,5.647638804590462,3.9217882632390597,34.65969909269462,5.840761751246108,21.50101926644663,22.069449911677502,5.64088761414608
4.270221824353175,0.10000515679870521,5.812499413523827,-13.694938853768926,22.133105525309734,5.692130887610466,3.9217882632390597,34.65969909269462,5.8406725753190525,21.50101926644663,22.053436380530204,5.652842135146867
3.8606298539845185,0.10003144065757658,5.684398196581248,-15.102065033112407,21.216395528148226,5.569487855926383,2.964077494945049,32.666421989469924,5.647373654496255,18.558821166741154,20.729314170286592,5.563974177678201
3.8606298539845185,0.10003023076334974,5.684398196581248,-14.202654124889499,21.007194225645026,5.645458152742583,1.6737758597726442,32.62287335897262,5.646158975674902,18.305568040711307,20.729263217727322,5.563264474748461
3.8614216819239755,0.10052193182219112,5.875888690307365,-15.0884156829486,21.782000460941813,5.79230017346022,1.1909744853711541,32.57695073224623,5.618336991971334,17.565838786716856,21.487520883056952,5.765030333211721
3.8473275536975757,0.14963718128636228,6.006699904578257,-15.055719100971581,21.782000460941813,5.408440964179434,1.1909744853711541,32.6309634805794,5.754241009818188,17.565838786716856,21.882904671501368,6.050055044823816
3.8473275536975757,0.10442476494847064,6.007457187072259,-15.121969965855342,21.782000460941813,5.869210140113913,1.1909744853711541,32.57695073224623,5.620438804615304,17.466697265108554,21.87573207993696,6.550417515634963
