2.000069417498973,0.1000487122923604,0.008356491238601021,1.281925743976263,-9.949598251631294,4.406362772041506,11.294676321081615,14.277977989230013,4.593764868521955,1.1139821053849166,9.948806688192835,4.382673030513722
2.0004619657992673,0.10001201748983979,0.014373286664798996,1.192096151392315,-9.946916682814992,4.413862270852581,11.568971284019508,13.983821968653324,4.594294289333282,1.1066033709403262,9.950445682860131,4.382872979232663
2.0006607037241673,0.10001201748983979,0.008207030654505476,1.2820014394338382,-9.946787871667095,4.405371602447138,11.572970690350179,13.983821968653324,4.59442062549481,1.106761042892388,9.94908920975051,4.376897906404971
2.00070123067074,0.10001201748983979,0.014373286664798996,1.2789771937875074,-9.946920024429897,4.405264393637417,11.568971284019508,13.983821968653324,4.594294289333282,1.1066033709403262,9.950441934680155,4.376897906404971
2.00004080377402,0.10001201748983979,0.014373286664798996,1.2791076987840126,-9.946916682814992,4.41024414442765,11.568971284019508,13.983821968653324,4.594294289333282,1.1066033709403262,9.950441934680155,4.376897906404971
2.0000613177900783,0.100019822972845,0.0074418394470001144,1.2004165428406965,-9.928086836897796,4.4100947359358775,11.295104182658065,13.484912573189373,4.5855838447861315,1.170586553173739,9.954963115527477,4.385951136596528
2.0006607424294223,0.10000968608928514,0.003740806501438337,1.2777685299013497,-9.922479726435599,4.4052821935915,11.243872878891755,13.254637893732294,4.591307312880006,1.106761042892388,9.94898337924636,4.382612659057652
2.0006607037241673,0.10000437739106782,0.000899056742854976,1.2805231466250842,-9.92323243957555,4.405371602447138,11.243872878891755,13.254637893732294,4.591182656993298,1.106761042892388,9.952965906961419,4.37677148437281
2.000420618627629,0.10001079640394486,0.10260418838793775,1.788166073437076,-9.870904044519026,4.407302531717938,11.275365045132745,13.318989229994601,4.593683484977744,1.180860319678844,9.951716912043146,4.384643102831821
2.000613792419541,0.1000434135450789,0.10242640675711936,1.7890182305720215,-9.870904044519026,4.407302531717938,11.275365045132745,13.318989229994601,4.593683484977744,1.180860319678844,9.951716912043146,4.384642629663238
2.0005358139657967,0.1000434135450789,0.10260638788976438,1.805466822183719,-9.870904044519026,4.407302531717938,11.275365045132745,13.318989229994601,4.593683484977744,1.1685949388345498,9.951716912043146,4.384642629663238
2.00062172439414,0.1000923865357834,0.005033177286586978,1.1921014536247427,-9.950661748270562,4.4076143122899625,11.284318245723016,12.456729190906271,4.591639004166659,1.1890382709644578,9.952985403065039,4.382499498573187
2.000069417498973,0.1000487122923604,0.008356491238601021,1.281925743976263,-9.92664159181266,4.406362772041506,11.29000912428792,12.344577109937408,4.593764868521955,1.1105284719411774,9.949129097734348,4.379305781280111
2.0000547635383374,0.100021619006716,0.005297841034835438,1.4467106411260153,-9.926633121625411,4.408833366501879,11.29077680588051,12.323503999026522,4.591995053783371,1.190652360683602,9.953066470105352,4.379284946738303
2.0001949498734066,0.10017660499647511,0.0068840179753380665,1.805466822183719,-9.894571126564383,4.407349043423303,11.265075880408995,12.455964249808465,4.597352081296057,1.1176919315712082,9.951583854797953,4.385473264215653
2.0005344729250107,0.10009501616593207,0.10273446373412838,1.805466822183719,-9.870904044519026,4.407302531717938,11.275365045132745,12.455964249808465,4.590659927553059,1.1685949388345498,9.951583854797953,4.384625831948954
2.000334142689047,0.1000592472389244,0.06440715671627774,1.805466822183719,-9.870904044519026,4.407302531717938,11.276411291174437,12.379733528997981,4.590659927553059,1.1685949388345498,9.951583854797953,4.374304049495599
2.0005358139657967,0.10004849812342057,0.09904948018546596,1.8549943064223549,-9.870904044519026,4.406348238681018,11.275365045132745,12.33061842335588,4.5936844247395605,1.111421672617367,9.951716912043146,4.384642629663238
2.000001578260538,0.10019049322098282,0.004457309876636922,1.7686061516695566,-9.866513875313492,4.407511265865126,11.27551376146626,12.231865491013446,4.591856858653523,1.1935210580103546,9.969375879513835,4.38299412883234
2.0007473933408595,0.10012470529945824,0.050662030021137866,1.772161486927812,-9.866513875313492,4.407508213215231,11.275796552661102,12.231865491013446,4.59350045791813,1.1935210580103546,9.969294154396321,4.382972318085501
2.000079157247696,0.10000416294940968,0.06025090126136354,1.306553624266004,-9.922960470097138,4.405208908287444,11.292527459253133,11.745922063457977,4.668291357538332,1.2076860420628974,9.949016705910953,4.377057373008579
2.00005233530854,0.1000487122923604,0.008356491238601021,1.3030651363802916,-9.922449969995485,4.4052293487294945,11.24823861496456,11.342195553272708,4.652528693732335,1.110447619866511,9.94938680759108,4.3797812769274875
2.0001817047747275,0.10001774954611747,0.008122747216816033,1.2934674518429667,-9.92782895805421,4.404431805997536,11.58251359754687,11.062146824559127,4.652262157328672,1.180799696494798,9.956354953938348,4.385158816297307
2.0001817047747275,0.10001760839568126,0.0035850647036699563,1.2935995610146367,-9.92782895805421,4.404431805997536,11.58251359754687,11.062146824559127,4.652714109246664,1.180799696494798,9.956491335907597,4.385224040130434
2.0001817047747275,0.10001760839568126,0.014135839779798546,1.2935995610146367,-9.92782895805421,4.404431805997536,11.582401899462422,11.062146824559127,4.677557544338429,1.2243834877602757,9.944171914837174,4.385098424082348
2.0001528766564554,0.10005066138662427,0.008139994365008736,1.1832765485159797,-9.952700760351465,4.408472641245599,11.559072708107513,10.97894139898238,4.652256548230272,1.0956912860014472,9.956354738647326,4.375408017649464
2.000156284689167,0.10005066138662427,0.008139994365008736,1.1832765485159797,-9.952700760351465,4.408472641245599,11.559072708107513,10.977823542238912,4.652256548230272,1.1896063849268779,9.956354738647326,4.375408017649464
2.000170295273892,0.10004892600973178,0.008127674090170213,1.3055616012096585,-9.937967017032825,4.408472641245599,11.58251359754687,10.977823542238912,4.652256548230272,1.1082534027908288,9.956354738647326,4.378906356668144
2.000170295273892,0.10004878486211108,0.003589991595582227,1.3056937103813282,-9.937967017032825,4.408472641245599,11.58251359754687,10.977823542238912,4.652708500148264,1.1082534027908288,9.956491120616572,4.378971580501271
2.0004705787603276,0.10005044457727222,0.007952847817543227,1.2285703185849268,-9.930800215504522,4.41269669186216,11.58841378103435,10.924623549484547,4.65318883311833,1.1069391290851067,9.950197055980805,4.375647697103026
2.0006525634041337,0.10010021035559663,0.008386893661765957,1.434445262890308,-9.926314790742381,4.41246920340473,11.58278510377328,10.960173580594175,4.652256548230272,1.1098732854225224,9.95195674675936,4.385017358138145
2.000131968934904,0.10004803872427037,0.00797527898849394,1.4349111668789554,-9.916940997484534,4.412684293813102,11.303325440529434,10.882671026996967,4.6499839335926545,1.1069391290851067,9.950445725547041,4.375647697103026
2.000069417498973,0.1000487122923604,0.007957857389953658,1.4256595427423557,-9.92664159181266,4.405835936510374,11.29000912428792,10.862252741777034,4.593764868521955,1.1105284719411774,9.949072280745186,4.379305781280111
2.000069417498973,0.10005714320032122,0.012425939196906858,1.4256595427423557,-9.92664159181266,4.405835936510374,11.289582846363349,10.862252741777034,4.593764868521955,1.1105284719411774,9.949072280745186,4.379305781280111
2.0000359932015876,0.10013244920814458,0.007657169698176018,1.3063880200654943,-9.953700719212476,4.4043193767434925,11.459508346817106,10.590092346295929,4.649675391883412,1.1062135288917043,9.940894386124997,4.37891072929806
2.0001005033404424,0.10005387917180886,0.007657169698176018,1.303855187771312,-9.953700719212476,4.405202665312623,11.459508346817106,10.546915084154085,4.648866220725087,1.1062135288917043,9.940894386124997,4.383929543903643
2.0007468094774747,0.10012421223070232,0.11031243881400311,1.37889432734259,-9.928179970404763,4.407276657582856,11.249813573881086,10.617426654878384,4.664249689449832,1.1122776601050937,9.95300249996207,4.379055196649763
2.0004258322126978,0.1001350421944056,0.11042633323029774,1.4574367966543864,-9.917353494426377,4.428673994230072,11.249813573881086,10.617426654878384,4.664249689449832,1.112155054807085,9.95300249996207,4.379055196649763
2.0000722050033835,0.1001361788788817,0.03747178373383331,1.5901801077007185,-9.917353494426377,4.412559166196519,11.231087753189424,10.612904585000633,4.682773340798215,1.2148119789534682,9.948944583195264,4.385534667211743
2.0005423304333885,0.10011678296449997,0.062484174735932346,1.4504973660843563,-9.9283002038574,4.40504184131278,11.580620077831275,10.36495312592895,4.680647479284432,1.2647535817574898,9.974345761411188,4.383366567692582
2.0003114671722053,0.10000243444699985,0.0006971251853604972,1.3106949388576243,-9.94355749237941,4.410350233253121,11.646068015624069,10.100762016480195,4.683282065855987,1.170710490673848,9.956090967960805,4.385983090593044
2.0000579431323566,0.10005439547560645,0.009668207335018802,1.298164973432383,-9.941821090086652,4.422624494024125,11.577619478377438,10.086149533887607,4.6796639156054685,1.1869251380573194,9.956090967960805,4.3859833883743855
2.0015665313576494,0.10003600760218778,0.0010137251433516466,1.546612280209219,-9.914073320864038,4.4076784463156775,11.600404050465896,10.108777839945445,4.680197269024063,1.1106420662989367,9.9573032946901,4.37450228460868
2.0015998070675325,0.10005850045706748,0.00031746922708059035,1.5601775881591742,-9.914073320864038,4.4076784463156775,11.600404050465896,10.108777839945445,4.680197269024063,1.1106420662989367,9.9573032946901,4.37450228460868
2.0000229268393195,0.10000441933262781,0.0018477285482691348,1.3106949388576243,-9.94355749237941,4.407476018995551,11.289297238602046,10.100762016480195,4.600625353755188,1.1936710305109974,9.96968357951835,4.3857687275628665
2.0006190458593873,0.10004016955890647,0.005123903202653209,1.2827611049873964,-9.950522906062458,4.423835744647686,11.64888313112863,9.860256287081302,4.686115097018903,1.114351284630093,9.949129097734348,4.378774622895155
2.00068201005555,0.10001333491078572,0.008014920154824075,1.281925743976263,-9.921141144861176,4.408527589450375,11.520876397843391,9.569681625949455,4.682031734650305,1.1120285242568633,9.948837296574604,4.3788981033066605
2.000363894536934,0.10013500801717054,0.07569255780688766,1.4481278113129337,-9.916334731350137,4.408808566953378,11.26950926485231,9.699959179194941,4.6630176802093235,1.1303838393946624,9.95300249996207,4.379055196649763
2.0007660720925324,0.10013484974314929,0.17833185165673734,1.457016225746544,-9.918079002178288,4.407259696221637,11.277140651468263,9.690144113184976,4.664284150353271,1.201898314202237,9.952265137364257,4.379008771472069
2.00036969593928,0.10013500801717054,0.07569255780688766,1.4574367966543864,-9.917353494426377,4.42267888520386,11.249813573881086,9.699959179194941,4.664249689449832,1.1120061765329918,9.95300249996207,4.379055196649763
2.0003678114431818,0.10013500801717054,0.07569255780688766,1.4574367966543864,-9.917353494426377,4.42267888520386,11.239735350410754,9.699959179194941,4.6635780099976785,1.114324228852137,9.95300249996207,4.379055196649763
2.000064635084413,0.1001361788788817,0.07569255780688766,1.4500515125518305,-9.917353494426377,4.42267888520386,11.245726600749146,9.67767447863886,4.682773340798215,1.1101920677398716,9.9529976280057,4.379055196649763
2.0006322145477875,0.10013500801717054,0.07569255780688766,1.4564382904743516,-9.91696740415419,4.42267888520386,11.239735350410754,9.667613231599221,4.687753319907851,1.1857533105109261,9.95300249996207,4.379181349531122
2.0000451635691037,0.1001361788788817,0.07569255780688766,1.5901801077007185,-9.917353494426377,4.4123233540088656,11.231087753189424,9.677802470525654,4.682773340798215,1.1035608792207419,9.951939274113421,4.3848036650454345
2.000613010090233,0.10001861623134731,0.07358660943338421,1.2924966255921002,-9.923239288028244,4.408551095092458,11.249813573881086,9.256081494131816,4.682405373642228,1.1120061765329918,9.953179161449315,4.384438002439719
2.000511828440756,0.10002129085465071,0.07569255780688766,1.4467106411260153,-9.923239288028244,4.408833366501879,11.256439756668254,9.286633658421932,4.685992902567843,1.1319776458354682,9.953066470105352,4.384529997939607
2.000613010090233,0.10013500801717054,0.07569255780688766,1.4467106411260153,-9.923239288028244,4.408833366501879,11.249813573881086,9.256081494131816,4.683575874318396,1.1120061765329918,9.95300249996207,4.384438002439719
2.000678667562169,0.10008015792321959,0.00046068880890000937,1.5423433961329895,-9.890610611870997,4.412484400636575,11.631846946830311,9.09636175477549,4.718068236393735,1.1146367292870267,9.970416517907788,4.382866810082348
2.000653475875882,0.10007111991381049,0.00783194064566051,1.5423433961329895,-9.92908546385626,4.405854625551549,11.556479542241842,9.057069595867556,4.72420738354865,1.1832984062314855,9.949774643033427,4.382696415455617
2.000647602504809,0.10000837273541481,0.007708091969241271,1.811884504934416,-9.869354299426478,4.401668335396215,11.582750828722265,9.235042580788292,4.68415876214757,1.110625694881554,9.951942954526736,4.384749247350696
2.000537231062553,0.10001192031971011,0.0020102916609621158,1.811884504934416,-9.869354299426478,4.401668335396215,11.57776505709591,9.235042580788292,4.710948461178296,1.1106825497897177,9.951942954526736,4.384749247350696
2.0000475657286043,0.10007309350696621,0.004218035208284968,1.735736665922883,-9.926624644312797,4.412640270148565,11.585299752406897,9.107983572896813,4.687481194576109,1.179151151872997,9.942549757260517,4.383220212245254
2.0006452373105277,0.10007082398542874,0.00325227933931982,1.735736665922883,-9.926624644312797,4.411609212524445,11.585299752406897,9.080871057786169,4.693516399756918,1.1801614158590419,9.942549757260517,4.385419440897983
2.0007489785143067,0.10012364766487657,0.10335923176411464,1.3801087407879464,-9.927784664848893,4.407508178502092,11.27717921160738,8.662402566754722,4.691401916199106,1.096135341035088,9.956659961400613,4.382972344208906
2.0007489785143067,0.10012403517546441,0.10335923176411464,1.3801087407879464,-9.927784664848893,4.407259696221637,11.277140651468263,8.662402566754722,4.691401916199106,1.1087162269534498,9.956659961400613,4.381720344130968
2.0007489785143067,0.10012403517546441,0.03510269039590029,1.437214877086409,-9.927784664848893,4.407259696221637,11.277140651468263,8.662402566754722,4.691401916199106,1.1987427114723586,9.934975185754867,4.381720344130968
2.0007489785143067,0.10012364766487657,0.10335923176411464,1.3801087407879464,-9.922016973823006,4.407508178502092,11.27717921160738,8.408167438822927,4.691491350959139,1.096135341035088,9.956628416471405,4.382972344208906
2.0000767190627706,0.10005787270646756,0.017771486726379758,1.306553624266004,-9.915932594988238,4.405208908287444,11.572970690350179,8.153630569977484,4.730112188000225,1.207309884398298,9.94908920975051,4.377057373008579
2.0000767190627706,0.10005787270646756,0.017815441145260777,1.306553624266004,-9.915932594988238,4.40520995354901,11.567518842129815,8.153630569977484,4.729997388805626,1.207309884398298,9.949492046566874,4.377057373008579
2.00008251912699,0.10005787270646756,0.012742362315108738,1.306553624266004,-9.915932594988238,4.405208908287444,11.267939333158253,8.153630569977484,4.724360205923655,1.2067212263945377,9.94908920975051,4.377057373008579
2.0000338280880254,0.10017712788601904,0.00042034327326748925,1.5423433961329895,-9.89434263612616,4.407348855482965,11.594752748706254,8.101312170517593,4.72420738354865,1.1143916774759557,9.955593550926345,4.385496305401276
2.000172867180572,0.10017469404305235,0.00042034327326748925,1.5423433961329895,-9.89434263612616,4.407348855482965,11.59121312187421,8.101312170517593,4.723238792736835,1.1103688629197253,9.95584518947908,4.3855024278386425
2.0001667529716154,0.10017712788601904,0.00042034327326748925,1.5423433961329895,-9.89434263612616,4.407348855482965,11.594752748706254,8.075689001321242,4.72420738354865,1.1143916774759557,9.970416517907788,4.385496305401276
2.0001667529716154,0.10017311676875346,0.0003954232721306173,1.5423433961329895,-9.887447133777796,4.41001439570522,11.594752748706254,8.075689001321242,4.72420738354865,1.1141473470676153,9.970554310785076,4.382696415455617
2.000025672515009,0.10017311676875346,0.0003954232721306173,1.5423433961329895,-9.887447133777796,4.41001439570522,11.592741159246096,8.075689001321242,4.72420738354865,1.114346293962243,9.970554310785076,4.375353421756201
2.000044223745375,0.10005439547560645,0.009668207335018802,1.298164973432383,-9.916294190925761,4.422750035495918,11.240117211856258,8.009764460828091,4.664261426044208,1.188535896845755,9.956090967960805,4.385969575377074
2.000428166788516,0.10001462498862859,0.007680783114904263,1.3050669458532225,-9.946916438444335,4.3889011894300864,12.047647656032627,7.476172280951221,4.735156947768705,1.1925142760854222,9.949224966367513,4.378941255304318
2.0004228481404884,0.10003700757604932,0.010171157134506562,1.176970437768662,-9.94691881272092,4.410335995507882,12.068700104282245,7.371266015503734,4.770071593389884,1.1128974414580204,9.951619226743137,4.378920311905986
2.0006280950310544,0.1000370076023394,0.010171157134506562,1.1870024544280868,-9.932670659846822,4.410540930086266,12.068700104282245,7.371266015503734,4.770071593389884,1.1910187777272654,9.95845199989786,4.378920311905986
2.0003674856430944,0.100050995207694,0.002289307782662855,1.3108133425871475,-9.94716389250094,4.410335136720914,11.566445335704847,7.416301587173335,4.751806266695531,1.1105272574942187,9.95194306615948,4.3828199408832855
2.0003674856430944,0.100050995207694,0.002289307782662855,1.3108133425871475,-9.946949351800932,4.410335995507882,11.566445335704847,7.416301587173335,4.751806266695531,1.1105272574942187,9.956245145012444,4.3845944664209435
2.0001820287544945,0.10003699614817274,0.014079508974333223,1.2958799470621174,-9.93210013707927,4.40424111655405,11.581448296681765,7.294265341363335,4.747797335853978,1.1909540009421555,9.95821973713099,4.3858515179099715
2.000416120650655,0.10003699612188267,0.009481724599139152,1.4112634541828308,-9.946348289953368,4.404004768026584,11.668959465371438,7.294265341363335,4.743680841239014,1.1128326646729105,9.951641980153283,4.3858515179099715
2.000621367541221,0.10003699614817274,0.009481724599139152,1.4212954708422554,-9.93210013707927,4.404209702604968,11.668959465371438,7.294265341363335,4.743680841239014,1.1909540009421555,9.958474753308007,4.3858515179099715
2.0003811897925456,0.10013503360235375,0.10236295039230348,1.3002474229054248,-9.93803192005608,4.405932880006192,11.249813573881086,7.360033106308298,4.776078508743302,1.1120061765329918,9.95300249996207,4.379055196649763
2.0003811897925456,0.10013503360235375,0.10273963505339159,1.3002474229054248,-9.93803192005608,4.410268220126735,11.587347348604448,7.158389211698097,4.775299602149589,1.1120061765329918,9.952644441507916,4.379055196649763
2.0004228481404884,0.10003700757604932,0.010102395425086667,1.4396970042677968,-9.94691881272092,4.410335995507882,11.573011412281225,7.199149941873541,4.751749826478666,1.1102622250297014,9.951619226743137,4.378916693638993
2.0004228481404884,0.10003700757604932,0.010102395425086667,1.4565541934325352,-9.952663017969755,4.4104192564123785,11.573011412281225,7.199149941873541,4.751749826478666,1.1102622250297014,9.951619226743137,4.378916693638993
2.0006379598172033,0.10001884246256086,0.07569255780688766,1.4467106411260153,-9.923239288028244,4.411294037133637,11.256439756668254,7.390596173311398,4.685992902567843,1.190840867240104,9.953066470105352,4.384529997939607
2.0004486151740473,0.10001811676760773,0.009481724599139152,1.7732379561597809,-9.869335103125396,4.411315809518154,11.668959465371438,7.302478693396285,4.743680841239014,1.1908318862779017,9.958474753308007,4.38645722759958
2.0006250847368308,0.10003703927522621,0.1640203643776642,1.7732379561597809,-9.868727491495578,4.411401832891722,11.585196070588223,7.302478693396285,4.743680841239014,1.1908318862779017,9.943801807020737,4.385980241495642
2.000024160347544,0.10000597182759632,0.008019362566056995,1.9261800953015904,-9.826770109817117,4.400907956742171,11.62324223178072,7.298539640876548,4.690572426220705,1.1955170309734768,9.954963077200416,4.374800413835877
2.000015437959053,0.10012221453371742,0.03671804432769729,1.9261800953015904,-9.826770109817117,4.400907956742171,11.823367363857166,7.147269011181823,4.690572426220705,1.3920422708699998,9.954963077200416,4.374800413835877
2.003084039420785,0.10002064177782045,0.01010921880631027,2.383726610761767,-9.772314844105557,4.442969103625805,12.139050140681823,7.403172729996923,4.706779527947013,1.2086544784337228,9.953029178233038,4.384995030121878
2.0001587808629426,0.10017698023474052,0.003337861205983561,2.353199883974916,-9.768681015609445,4.441867035753014,11.597344446682854,7.304740540271018,4.704622401932808,1.1131798872258827,9.951961859884639,4.387542407012071
2.0004648489259447,0.10021098346911418,0.0033154339588809395,2.4276902509985723,-9.768681015609445,4.441867035753014,12.139050140681823,7.304740540271018,4.704622401932808,1.2086544784337228,9.951961859884639,4.387647199690112
2.000437317018266,0.10003844587379347,0.0033154339588809395,2.430403137119762,-9.768681015609445,4.409651959699844,12.140359639491294,7.380213104282408,4.691970552349379,1.2086998165926928,9.950618155392817,4.387647199690112
2.000437317018266,0.10001033507563692,0.002816696514826226,2.430403137119762,-9.761387244506736,4.409665278003455,11.458900394161606,7.462917916286576,4.691970552349379,1.1936209199281018,9.950618155392817,4.387113158341001
2.000437317018266,0.10001036729720122,0.0028541746517198154,2.430403137119762,-9.761387244506736,4.409665278003455,11.463071435266148,7.304740540271018,4.691970552349379,1.2117402373254749,9.950618155392817,4.387647199690112
2.0004597336783085,0.10001036729720122,0.0028541746517198154,2.430403137119762,-9.751669825731183,4.409665278003455,11.46057329327943,7.276057493800291,4.681497603014514,1.1109169050612469,9.950618155392817,4.387647199690112
2.0004324768620085,0.10088708727642913,0.0062178495233243605,2.50515925318731,-9.6910843425779,4.422050896405208,11.617663554556655,7.359268799519583,4.70511017421634,1.1056709105863012,9.943843892742048,4.3776694867273855
2.0004324768620085,0.10088708727642913,0.023430521177387642,2.4827068390727987,-9.691221768213733,4.422050896405208,14.833552672711804,5.627358284551464,4.687269908844761,1.3312464092576453,9.943843892742048,4.387535772985153
2.0004741321976947,0.1000079433253484,0.002815664563197781,7.265664911202564,-8.20218437536963,4.690968410440396,11.48843706655615,10.923306469325823,4.65200102632688,1.1092276595461612,9.943351739762141,4.375842707046543
2.0004722632896015,0.1000040724613834,0.002780721964318808,7.360392043095356,-8.20218437536963,4.690968410440396,11.48843706655615,10.923306469325823,4.65200102632688,1.1098367702442966,9.945309817969074,4.377876793277046
2.0018262409579104,0.10017741371576072,0.062148698818137435,7.2362543546478175,-8.319171352496486,4.690248827614727,11.394668013341104,10.711767535208466,4.679150736207766,1.100928341893233,9.97630944157046,4.385662079023855
2.001927577235557,0.10013417864211697,0.10335486100776436,7.4396804351357595,-8.253659223146254,4.690248827614727,11.271988523943259,10.767096759751883,4.679513955008235,1.1016237879745752,9.956215847138512,4.385689884177041
2.000329599257099,0.10000035461495015,0.03372533051256692,7.435133253826214,-8.16598536644385,4.680937803292716,11.446772134880902,10.78997175797281,4.6815557349799874,1.1121134137530737,9.957394948821259,4.38458259558338
2.0041225499969513,0.1007142009439603,0.10395451419222423,7.435133253826214,-8.206035417210828,4.69167803599291,11.487844649929027,10.701680136931316,4.68043103446295,1.2056984306581566,9.949721943998181,4.384255997944811
2.000030145778728,0.10009234145665642,0.11496669141810101,7.440065253864088,-8.2335488201005,4.702925473579658,11.523874604387592,10.620166816978417,4.688537433342983,1.1147465124009737,9.944477449987955,4.378228987912355
2.0018476876812588,0.10018332108731298,0.06293477591234757,7.420883289373871,-8.201773318516247,4.6581867914400785,11.488695917054148,10.65066624712467,4.681520883807851,1.1009775018165129,9.97630944157046,4.377165541331838
2.0039138583333767,0.10067706843988061,0.06562720717428659,7.435133253826214,-8.206035417210828,4.69167803599291,11.48889089597072,10.625449416120833,4.68043103446295,1.2056984306581566,9.949721943998181,4.373934215491456
2.0040701804861665,0.10067706843988061,0.12198601850200953,7.435133253826214,-8.206035417210828,4.683401617596789,11.483842063633498,10.622550384579558,4.681664639979644,1.2056932685721864,9.970754825688497,4.377913692009705
2.0001103580560335,0.10017608863268267,0.11496669141810101,7.447674614124128,-8.158510326584718,4.702990708429207,11.484778230126704,10.612885374815086,4.688537433342983,1.1119686038040644,9.944365786933556,4.384547133228263
2.0040701804861665,0.10067706843988061,0.12198601850200953,7.435133253826214,-8.206035417210828,4.683401617596789,11.767516916939995,10.490002855432357,4.682236935458645,1.2056932685721864,9.95368558691438,4.377900789491406
2.0000488386546,0.1006967460589803,0.009593864261211865,7.504788959883802,-8.108471724323447,4.7176160174049215,11.489043442654397,10.651955906865242,4.651279978304743,1.108980037239061,9.950791919793964,4.375694072060667
2.0000488386546,0.10066948193780816,0.009593864261211865,7.504788959883802,-8.108471724323447,4.715671689769055,11.488873507091016,10.631590330648834,4.652077365165958,1.1080322259783715,9.950791919793964,4.375709699770032
2.000432247310637,0.1001761052613152,0.0016717300938471347,7.4423810386833456,-8.031613947966108,4.702990708429207,11.496172502159833,10.612885374815086,4.688537433342983,1.1147465124009737,9.944365786933556,4.378128882868469
2.000432247310637,0.1001761052613152,0.11496669141810101,7.440065253864088,-8.031613947966108,4.702990708429207,11.484778230126704,10.612885374815086,4.688537433342983,1.1147465124009737,9.944365786933556,4.378128882868469
2.0003745362639775,0.10022595317170342,0.00019221729675965088,7.455371977051994,-7.799928942507529,4.6968729918813175,11.553174749800348,10.762917475058167,4.648877334261541,1.1105330046901438,9.94855263852754,4.37717798660778
2.0003766398702787,0.10005027853648228,0.00021955922913750566,7.506977855749569,-7.799928942507529,4.6997342739480095,11.49385575871887,10.762917475058167,4.648877334261541,1.1147574632732884,9.954577248215031,4.375716923520085
2.000383368134586,0.10005132935627219,0.006634390428071018,7.428274798408341,-7.86010686124378,4.686935835581486,11.584557266043786,10.615550613296193,4.648234352839388,1.1021377155717293,9.952021329381603,4.37679681893793
2.000382891622488,0.10005132935627219,0.006634390428071018,7.428274798408341,-7.800417541390113,4.697092609436736,11.55384313237683,10.615550613296193,4.650416048414147,1.1021377155717293,9.952021329381603,4.3767018112922225
2.0003745362639775,0.10005132935627219,0.006634390428071018,7.428274798408341,-7.799928942507529,4.696633545903126,11.553174749800348,10.615550613296193,4.650416048414147,1.1021377155717293,9.952021329381603,4.3767018112922225
2.0001996409612572,0.1001609234460741,0.007563966547304499,7.547209233150073,-7.429016589066883,4.728705278634711,11.309961537120701,11.02112236781853,4.651989724067203,1.2181012369171482,9.940973522969179,4.375706651265253
2.000073644392438,0.1001609234460741,0.24820376743251174,7.500426073108492,-7.429016589066883,4.728705278634711,11.297871381076876,10.912632916045691,4.652077365165958,1.120550837452016,9.940973522969179,4.375709699770032
2.0000945710401137,0.1001609234460741,0.007563966547304499,7.547209233150073,-7.429016589066883,4.728705278634711,11.297871381076876,10.912632916045691,4.652077365165958,1.2181012369171482,9.940973522969179,4.375709699770032
2.0000945710401137,0.10002704445349181,0.06369415006947542,7.547209233150073,-7.429016589066883,4.728705278634711,11.297871381076876,10.894842886778608,4.652077365165958,1.2926934839556514,9.936706049780996,4.375709699770032
2.000432067470379,0.10002704445349181,0.06369415006947542,7.547209233150073,-7.429016589066883,4.728705278634711,11.291703827236834,10.894842886778608,4.650899633371281,1.2926934839556514,9.943825504006373,4.375709699770032
2.0001712953400235,0.10004786441791114,0.11498714481596761,7.504788959883802,-7.299235119001288,4.715671689769055,11.58904153027798,10.915056390291051,4.652077365165958,1.1080322259783715,9.940973522969179,4.375709699770032
2.0001712953400235,0.10004786441791114,0.115930904069855,7.504788959883802,-7.299235119001288,4.715671689769055,11.572829754288405,10.915056390291051,4.652077365165958,1.1080322259783715,9.950109738251802,4.375709699770032
2.0006356403522325,0.10004332679395728,0.11406255577143336,7.5207323883265325,-7.299235119001288,4.715671689769055,11.57651295101436,10.915056390291051,4.652077365165958,1.1094183987793467,9.950109738251802,4.375709699770032
2.0000732651593647,0.10001940521398926,0.24820376743251174,7.498715240793288,-7.266473859035205,4.725738266788341,11.297743393190878,10.871634697672013,4.652077365165958,1.1176618254470236,9.942504923677427,4.375386622914862
2.000437608544008,0.10000314402650362,0.07908341355032705,8.594698563372337,-6.952565161490786,4.737429903589247,11.523151398548384,11.346191301383577,4.631384668473171,1.1093501832996282,9.956213055759381,4.361959180702942
2.0003673402412683,0.10005132935627219,0.006634390428071018,7.5027852912323265,-7.421778038066402,4.716116496201422,11.553174749800348,10.628915544737112,4.650414105256586,1.1021377155717293,9.952745928250115,4.375759097317133
2.000175435868963,0.10005132935627219,0.006634390428071018,7.5027852912323265,-7.421778038066402,4.716116496201422,11.553619537959303,10.628915544737112,4.650414105256586,1.108333994637729,9.95284795451165,4.375759097317133
2.000390134809025,0.10006313795781648,0.09635995288500415,8.627854402558693,-6.939568047901592,4.716454341060605,11.511967906453204,11.331800601380765,4.620818827029652,1.1162217506529921,9.950788044080783,4.375613370644031
2.0004330174552245,0.10013475936615648,0.0791508670369495,8.480338198800345,-6.818749075814997,4.737429903589247,11.523151398548384,11.346191301383577,4.62459646703986,1.1088276792998852,9.956213055759381,4.361959180702942
2.0003333179567515,0.10015413061429054,0.005753909522054653,7.7337782063195295,-6.96869573469698,4.737429903589247,11.309650285226555,11.058294429946896,4.652390899238551,1.1139203793784318,9.949211203254265,4.375614376170447
2.000003148194199,0.10000461337318586,0.004410376933330337,7.578238920707379,-6.956417551324701,4.736084510124484,11.278616985724435,10.923232746824722,4.629336600375515,0.9697974069476287,9.956227142741461,4.377687429507647
2.00020230428531,0.1000305912067135,0.07585534901443759,8.493143148975912,-5.953211918373095,4.795493997317951,11.284788334599742,12.00584607552338,4.621394064756469,1.198631242324816,9.942490905230882,4.377812508720735
2.0006132793848224,0.10001904385742982,0.003182615869905335,8.385031660992627,-5.773995815862335,4.765665180293886,11.290924195627621,12.124534511386214,4.6218589025722645,1.1085824155725346,9.95199061306062,4.377886443376216
2.00020230428531,0.10002866697240548,0.06669131765615728,8.757655290941292,-5.9761430635067105,4.795493997317951,11.288724371698937,11.743598201844073,4.621394064756469,1.1176771033149757,9.942490905230882,4.375397049355456
2.00020230428531,0.1000305912067135,0.06669131765615728,8.627854402558693,-5.953211918373095,4.795493997317951,11.284788334599742,11.743366334036896,4.621394064756469,1.198631242324816,9.942490905230882,4.377812508720735
2.0006597382744404,0.10008626790344129,0.285245143476036,8.83619110001918,-4.976466000508691,4.8100703667574685,11.16206307331124,12.572912231273397,4.590184690126769,1.1992483356923305,9.96025071465777,4.375628330396415
2.0006597382744404,0.10009042154967342,0.28944142949597595,8.817066333522629,-4.977552436747033,4.8100703667574685,11.164299091107338,12.544646672154121,4.590184690126769,1.1992483356923305,9.960675816517325,4.373257512106706
2.0006597382744404,0.10008626790344129,0.285245143476036,8.816980256807803,-4.976466000508691,4.8100703667574685,11.164299091107338,12.544646672154121,4.590184690126769,1.1992483356923305,9.96025071465777,4.373935988252234
2.0006597382744404,0.10008626790344129,0.285245143476036,8.83619110001918,-4.730365135427579,4.8121219475567365,11.16206307331124,12.572912231273397,4.589958134258332,1.1992483356923305,9.94939345558984,4.375711917109763
2.000080475839576,0.10006803902803203,0.0265343621070422,9.311580403881019,-5.012434442360597,4.793639031542604,11.282927143834804,11.739045481662135,4.620818827029652,1.1993519775249073,9.942490905230882,4.375544346619191
2.000080475839576,0.10009593630244322,0.06741147488999712,8.861095819895436,-5.003911848036523,4.795332059608664,11.284788334599742,11.739045481662135,4.620818827029652,1.1993519775249073,9.942490905230882,4.375544346619191
2.003689487616174,0.10009590618148544,0.1009975482008485,8.82441354863068,-5.13821259270943,4.801935474759254,11.64771799879304,11.526415122248448,4.66303796716344,1.1993440889550722,9.952768435065048,4.375586854573311
2.003689487616174,0.10009590618148544,0.1009975482008485,8.82441354863068,-5.138147249413209,4.796614736680996,11.647541365103004,11.526415122248448,4.66303796716344,1.1993440889550722,9.952732209162644,4.37543375355514
2.0036424624623974,0.10009837167080694,0.04006467957645254,8.834543712899237,-5.015939983951798,4.785451077834046,11.648858061763967,11.607498167087332,4.66121301081472,1.1993440889550722,9.953308902959547,4.375601152187381
2.003735548141674,0.1000910408110259,0.022819923514085967,8.821658808975695,-4.998495130464242,4.791439105957985,11.648858061763967,11.607498167087332,4.660407472488925,1.1993440889550722,9.953308902959547,4.375601152187381
2.003735548141674,0.10009630464217188,0.041271953171146486,8.834543712899237,-4.998495130464242,4.785451077834046,11.648858061763967,11.607498167087332,4.660407472488925,1.1993440889550722,9.953308902959547,4.375601152187381
2.000020235382376,0.10002867975153135,0.17916806571423777,8.82389778728265,-4.976466000508691,4.796599180135239,11.78884682328975,11.526415122248448,4.673029053211344,1.1993291418508782,9.951099565031782,4.375410809798799
2.000204233437719,0.10002827480508548,0.013314549894758582,8.836167197609587,-4.937092241630109,4.786664976889744,11.751249594400406,11.511727962929749,4.667047314438349,1.1979050202424946,9.956627152388219,4.3841002728468785
2.0000390975722784,0.10004650663258437,0.17975376812390934,8.832599981346576,-4.728659921594999,4.796385642499381,11.693586583012204,11.524911706922571,4.630235098781277,1.2756063790637866,9.950930278276712,4.374960048920646
2.0004291542885033,0.10012147591450717,0.008036674565591753,8.834572288077805,-4.696045512542371,4.759044226497329,11.703963253208775,10.93021408313573,4.67654697966222,1.2140093076842566,9.950516493448344,4.379121673329634
2.0001987255920364,0.10012035380982863,0.0035790447540940684,8.834572288077805,-4.696045512542371,4.759044226497329,11.703963253208775,10.93021408313573,4.676902199821851,1.2140093076842566,9.950202860816223,4.379121673329634
2.0009586354214393,0.10000683701496126,0.15640613861605893,8.849077688472164,-4.768971030999954,4.787234453316206,11.700567031556682,10.809650359280061,4.667047314438349,1.3919012889323645,9.9590832963002,4.375613370644031
2.0009629938800253,0.10001459108764486,0.013666061297556074,8.849077688472164,-4.768971030999954,4.787234453316206,11.685243666639089,10.72300243746742,4.667047314438349,1.3936880995638743,9.956658928315848,4.375613370644031
2.00020230428531,0.10006300100294928,0.013666061297556074,8.836167197609587,-4.768971030999954,4.787234453316206,11.70265224649848,11.020340743342562,4.667047314438349,1.6042175950650823,9.956658928315848,4.375613370644031
2.000204233437719,0.10002008293358869,0.3034458186586416,8.836167197609587,-4.688436280689017,4.787135991373822,11.634772224181923,11.099065368759172,4.667047314438349,1.62676500536719,9.95689123210183,4.37560435005691
2.000206562234216,0.10002008293358869,0.30222520386236384,8.836234339328081,-4.688691055321844,4.812318683914025,11.752273429861715,11.018719631536666,4.6663793924678805,1.627363446621774,9.956629304454399,4.375603360151348
2.000204233437719,0.10002008293358869,0.30939997783499684,8.836167197609587,-4.688436280689017,4.812318683914025,11.752273429861715,11.018719631536666,4.667047314438349,1.627363446621774,9.956629304454399,4.375613370644031
2.0000140045218795,0.10002636239498508,0.014173557445892257,8.834688483334343,-4.6941763894948885,4.743042999400762,11.69303513536511,10.30529043604828,4.677298366475269,1.610844275793819,9.943418624539547,4.375822033105543
2.000060576437055,0.10000791862883288,0.0006189017008085733,8.834688483334343,-4.694171337189436,4.743042999400762,11.630024976985935,10.259378675139487,4.677672510252414,1.610844275793819,9.943418624539547,4.375822033105543
2.0001544778133127,0.10001920151706595,0.018695586094824766,9.192733310631608,-4.729410162682704,4.814029798744299,14.915906148676035,6.124601727176809,4.775743335215124,2.247434580771439,9.90801301642792,4.400930785780871
2.0002858856166243,0.10021826416778455,0.018717300809124975,9.192733310631608,-4.729410162682704,4.814029798744299,14.916254549508484,6.095630178504044,4.777483098399633,2.247434580771439,9.907539265228806,4.400930785780871
2.0037535482018187,0.10001396900087395,0.011466488648681147,8.845245848832013,-4.799389730584261,4.814029798744299,14.759406010814677,6.033340203557784,4.786816485158294,2.2669157928978025,9.941124524978672,4.401207396602747
2.0000181132382635,0.10000266011109181,0.0033806837879641945,8.859328305117488,-4.77601679795092,4.814067946675085,15.039500787642508,5.661706234714517,4.779171991279283,2.258929532070016,9.945744308547852,4.394700738696029
2.0005057393398338,0.10001317760156066,0.0033806837879641945,8.851714489727353,-4.77601679795092,4.814067946675085,15.039500787642508,5.632439090723988,4.786612198287781,2.258929532070016,9.945744308547852,4.394700738696029
2.0001650081060363,0.10001909507459796,0.059602790760798836,8.833590662908831,-4.730555698758334,4.756916392482263,14.756746785303474,5.864123788486501,4.778453108923651,2.240412327122576,9.909417303200984,4.401242126554281
2.0001650081060363,0.10001909507459796,0.06028581668809743,8.833590662908831,-4.730243141769299,4.756916392482263,14.754488557029187,5.864123788486501,4.778453108923651,2.240412327122576,9.907003455761757,4.401229725676976
2.0001650081060363,0.10001909507459796,0.06028581668809743,8.833590662908831,-4.691308476401127,4.75697317493083,14.754488557029187,5.864123788486501,4.778453108923651,2.240412327122576,9.907003455761757,4.401229725676976
2.000011313744485,0.10001909507459796,0.003819007371403088,8.833590662908831,-4.691308476401127,4.75697317493083,14.754488557029187,5.864123788486501,4.781914361072363,2.240412327122576,9.906462343474482,4.401206407328464
2.000011590721145,0.10001909507459796,0.006261361441693699,8.833590662908831,-4.691308476401127,4.75697317493083,14.754488557029187,5.864123788486501,4.782007449452503,2.240412327122576,9.906462263529072,4.401206477927949
2.000011590721145,0.10001909507459796,0.0065481212735618004,8.843128403259891,-4.6804353070172615,4.756904699396991,14.754488557029187,5.979646977720234,4.782007449452503,2.2486709953485686,9.906462263529072,4.375076971859517
2.000178919154045,0.10002180638155876,0.05672522954161799,8.833590662908831,-4.695712415502494,4.765367340375459,14.754488557029187,5.864123788486501,4.778719784658555,2.4735342240130764,9.958540604789393,4.38331434979427
2.0001725504888546,0.1000217814000389,0.05672522954161799,8.833590662908831,-4.695712415502494,4.756916392482263,14.754488557029187,5.864123788486501,4.778453108923651,2.4735342240130764,9.955769658762867,4.38331434979427
2.0001725504888546,0.1000217814000389,0.05672522954161799,8.833254696393336,-4.695712415502494,4.756916392482263,14.754587882899347,5.864123788486501,4.778453108923651,2.482068479226908,9.955769658762867,4.383314458144649
2.000178919154045,0.10001611492596811,0.0537022854243456,8.833590662908831,-4.695712415502494,4.765367340375459,14.754488557029187,5.864123788486501,4.775732457105831,2.516676879835413,9.958540604789393,4.38331434979427
2.000184613609539,0.10019245642542776,0.05602754093944912,8.833254696393336,-4.695712415502494,4.759574895114859,14.760833952085475,5.721220774490746,4.746005316121723,2.5400166887091675,9.95488827234136,4.3850783076756334
2.0001687891620668,0.10019530910457665,0.05645063598456507,8.833254696393336,-4.695693754070123,4.767976310303515,14.762200825368815,5.721220774490746,4.7002551032252216,2.5404424932709904,9.95488827234136,4.400302793631442
2.000007405013836,0.10019530910457665,0.041964214436506664,8.833293931849656,-4.695693754070123,4.768219617640014,14.767986940779625,5.721220774490746,4.7002551032252216,2.5675079517227983,9.950513186795607,4.4006073591332
2.000006496749842,0.10048123811048323,0.14718030987423944,8.834482342710919,-4.704807353154152,4.773781426144921,14.76944882994601,5.582117456687032,4.79984955757219,2.5932827605263147,9.950381823238823,4.3846025612393715
2.0000651060419656,0.10008665657027264,0.15344232863147375,8.833270131522847,-4.695712415502494,4.7728212624320125,14.76813998294223,5.968412090897483,4.683112436038398,2.5929110102133697,9.950367498182588,4.383305707790495
2.0007512444066426,0.1000217814000389,0.15709718471291878,8.833254696393336,-4.695712415502494,4.713645990073645,14.757619133071561,5.9540921175579555,4.7976000899796905,2.5929110102133697,9.955769876330454,4.3833203204288775
2.0007343434419473,0.1000217814000389,0.15709718471291878,8.833254696393336,-4.695712415502494,4.713645990073645,14.757619133071561,5.9540921175579555,4.79892175096192,2.5929110102133697,9.950551837969176,4.3833203204288775
2.0007343434419473,0.10003731682236963,0.15709718471291878,8.833254696393336,-4.695712415502494,4.713645990073645,14.757619133071561,5.9540921175579555,4.79892175096192,2.5929110102133697,9.943675295224095,4.3833203204288775
2.0000862304634643,0.10081134715682298,0.008262454183985121,8.834482342710919,-4.805631401589066,4.778487140749682,14.75628899175028,5.6156079130912016,4.749187267248874,3.120866547977662,9.948640270735739,4.45845185270156
2.0006229765088173,0.10081134715682298,0.008262454183985121,8.834482342710919,-4.805631401589066,4.778487140749682,14.759283268778654,5.6156079130912016,4.7473595005939915,3.1701641396491005,9.95485806137875,4.45845185270156
2.0006229765088173,0.10019082455064318,0.009333687996186415,8.834482342710919,-5.050605492030095,4.778481121431758,14.772408555205526,5.6156079130912016,4.7473595005939915,3.1701641396491005,9.565153279606967,4.456691113666716
2.0000020953195534,0.10005169530130173,0.16967748276200365,8.896571002785224,-4.691538980042926,4.778487140749682,14.80709552645887,4.9413298573272755,4.794920759848561,3.2266217051446464,9.942989477463096,4.463979153872457
2.0004260809038237,0.10018335484865991,0.009347408312007505,8.689798445391716,-5.0611130737280465,4.791091851838905,14.772502669847698,4.563695031457391,4.779385577550523,3.2315629278476736,9.606499970453898,4.494393791961981
2.0009601880057644,0.10018724149377517,0.009347408312007505,8.689798445391716,-5.054178242756147,4.791091851838905,14.62615421831436,4.563695031457391,4.779385577550523,3.2315629278476736,9.60956252957046,4.495127571458379
2.0009601880057644,0.10018218821393429,0.17297850851195484,8.689798445391716,-5.050408680813223,4.791091851838905,14.62351357638801,4.563695031457391,4.7795387722635025,3.2315629278476736,9.60956252957046,4.495127571458379
2.000085979737953,0.10002260170993851,0.009347408312007505,8.689798445391716,-5.041217705587775,4.791091851838905,14.772392295726597,4.563695031457391,4.779051972512801,3.2925214066751343,9.611257264776036,4.501091930333799
2.0033061773058005,0.10007663135900255,0.07632106837137022,8.688595165039255,-5.162343494121176,4.781123425566174,14.630186596223464,5.42370849679189,4.790936001751471,3.552990364636978,9.56165576920511,4.492574468644383
2.000148338035125,0.10021589863208394,0.02350524996647102,8.603004666278562,-5.125812133947164,4.791388513984178,14.772502669847698,4.813374252756037,4.785791615019879,3.57022878511209,9.641240165955374,4.497393277894866
2.0000717358133584,0.10021495407642181,0.06233097835942732,8.6030659998302,-5.125812133947164,4.791388513984178,14.39243210987348,4.813374252756037,4.785791615019879,3.57022878511209,9.638961635871084,4.495882134109691
2.0000717358133584,0.10002195569246802,0.15578745710144648,8.603004666278562,-5.125812133947164,4.791388513984178,14.772502669847698,4.813374252756037,4.785791615019879,3.6104123291045145,9.643411066287168,4.501654995918879
2.0000738540622733,0.10002379876510478,0.15578745710144648,8.597955752185758,-5.125812133947164,4.781350427575334,14.75771372957308,4.813374252756037,4.790964821885163,3.6163203155793533,9.643411066287168,4.502200134278779
2.0000802250249294,0.10013043531512461,0.07675487608557464,8.609869755116929,-5.1297476195892475,4.763704762219278,14.62431538915797,5.174670482612589,4.7805747968208845,3.777315114869832,9.66037367971759,4.49843958651443
2.0000874322235047,0.10018335484865991,0.009347408312007505,8.689798445391716,-5.0417077902963925,4.791129458965571,14.772502669847698,4.563695031457391,4.779051972512801,3.7144826789588317,9.611257264776036,4.500568731781604
2.0000078863294743,0.10017191319153727,0.01407675920449111,9.175788290578852,-4.701025677536409,4.793325792615713,14.758534425800756,4.645818203900062,4.787784140326037,3.711510809688045,9.648412051173914,4.497393277894866
2.000085979737953,0.10017191319153727,0.01407675920449111,9.175788290578852,-4.697841619275432,4.793325792615713,14.772502669847698,4.563695031457391,4.787784140326037,3.7138227052483668,9.648412051173914,4.497393277894866
2.0000830627208064,0.1001646134782602,0.01633767723303122,9.180417992946731,-4.697841619275432,4.793325792615713,14.772450097707729,4.563695031457391,4.788417182628623,3.7138227052483668,9.639722273655755,4.498695923499024
2.000047030788304,0.1001646134782602,0.01633767723303122,9.098674216083262,-4.697841619275432,4.715214810435941,14.772450097707729,4.390437647023127,4.781919788835709,3.685525273521912,9.639722273655755,4.498695923499024
2.000368524305966,0.10007995336473043,0.00036512323168571247,9.098674216083262,-4.476495561950588,4.715214810435941,14.73567593290687,4.390437647023127,4.72277789292261,3.550191707468323,9.639722273655755,4.498695923499024
2.0000860172890795,0.10002361865779147,0.009347408312007505,8.689798445391716,-5.063798413264565,4.760053537087207,14.63336598811228,4.575488803608755,4.787416991934212,4.2757966526291975,9.650297556977693,4.494394568123935
2.000085979737953,0.10002361865779147,0.013589523767125883,8.680864586618526,-5.063573684607873,4.799678412508196,14.63336598811228,4.563695031457391,4.783158988710793,4.2757966526291975,9.617328396545075,4.494393791961981
2.000085979737953,0.10018335484865991,0.009767289841887135,8.689798445391716,-5.061745427358151,4.791091851838905,14.772502669847698,3.139536340228959,4.779051972512801,4.294723619273825,9.606499970453898,4.4924068674858635
2.0000770168138633,0.10086848630300133,0.023409670431169254,8.608808568163683,-5.129669512922004,4.757686385715198,14.613207153050647,2.8721772012431424,4.777864437565117,4.488079818208653,9.605554349621142,4.516671721501099
2.000085979737953,0.10018335484865991,0.24930450673047022,8.689798445391716,-5.061124093230498,4.791406217832619,14.772502669847698,3.1424239426405194,4.781328335423851,4.619586165707243,9.606499970453898,4.497080781832562
2.000085979737953,0.1001273634516958,0.24930450673047022,8.689798445391716,-5.061124093230498,4.791406217832619,14.772502669847698,3.1424239426405194,4.781328335423851,4.619586165707243,9.600871761620498,4.497080781832562
2.000096801418788,0.10025534854691046,0.29088174847809567,8.627341372584445,-5.1150466932625935,4.750587921458364,14.640318935259868,3.0396966580431686,4.781412608867733,4.617704414434707,9.54622598849757,4.543349577933492
2.000096801418788,0.10005766478685751,0.283833394058163,8.627341372584445,-5.1150466932625935,4.750939303684536,14.640318935259868,3.0396966580431686,4.781412608867733,4.6464736422643655,9.54622598849757,4.543349577933492
2.000096801418788,0.10005766478685751,0.283833394058163,8.607878339220044,-5.1150466932625935,4.750939303684536,14.61265008342363,3.0396966580431686,4.781412608867733,4.645971224303014,9.54622598849757,4.543349577933492
2.000438837749975,0.10006498569884816,0.019955112465549527,8.568409829013863,-5.200927951877617,4.75504041857204,14.838351377331113,2.9215934845505713,4.747170371749732,5.423142273549123,9.654004396468448,4.537537581193386
2.0000874936672317,0.10012970457963993,0.01971024538207263,8.569094582789166,-5.200927951877617,4.75504041857204,14.838351377331113,2.9215934845505713,4.781195748215622,5.6103173405290185,9.660240410694701,4.537239898128444
2.0000874936672317,0.10011729105521494,0.01971024538207263,8.569094582789166,-5.200416403191363,4.754672378944557,14.63144044627837,2.9215934845505713,4.781169319097109,5.6103173405290185,9.660240410694701,4.5371344034457035
2.000393812305651,0.10026590640478551,0.08404842544260971,8.60861260066951,-5.1297476195892475,4.763353379993106,14.644864876835621,3.8326751381918753,4.744097007567559,5.723628199132398,9.671423098262617,4.537782953326641
2.0004341278902955,0.10000003970130372,0.019429231679517253,8.60861260066951,-5.129869247699827,4.758119108162201,14.641628778168107,2.9237241799840286,4.779359208867751,5.611281228147033,9.660274941250938,4.531146624071869
2.000393812305651,0.10026590640478551,0.08404842544260971,8.60861260066951,-5.1297476195892475,4.763353379993106,14.63219301533704,3.5211616984611314,4.744097007567559,5.723628199132398,9.671423098262617,4.532440065348234
2.000393812305651,0.10006821751667791,0.07699953907029233,8.60861260066951,-5.1297476195892475,4.763704762219278,14.63219301533704,3.5211616984611314,4.744097007567559,5.752397426962058,9.671423098262617,4.532440065348234
2.00039218463171,0.10006821751667791,0.07699953907029233,8.60861260066951,-5.1297476195892475,4.763704762219278,14.63219301533704,3.521310050414024,4.744103501613077,5.761592851264275,9.671423098262617,4.532440065348234
2.000068544062146,0.10006421623221097,0.07699953907029233,8.60861260066951,-5.1297476195892475,4.763704762219278,14.63219301533704,3.521310050414024,4.744103501613077,5.789315040472263,9.668645460343471,4.543087554312399
2.0004315388335057,0.10006821751667791,0.02090591455643168,8.60861260066951,-5.1579961668814995,4.7672335582026255,14.62798732455448,3.247965057629921,4.779374446715696,5.904157312276322,9.654137665491339,4.532440065348234
2.000399690578202,0.10006821751667791,0.07922679186203638,8.608612537828616,-5.1297476195892475,4.763704762219278,14.625084261585314,3.2562565647415935,4.745674375996318,5.904157312276322,9.654137665491339,4.532319838089806
2.0004529054713407,0.10017873142907491,0.009387558050163648,8.689799364876485,-5.1267905834464935,4.8085082025907475,14.624802294978204,3.2464615699760078,4.77939743943907,5.801798866659798,9.605662641112088,4.519983908670198
2.0004529054713407,0.10000979481323065,0.023048376604049473,8.608808568163683,-5.129669286925386,4.810366985089504,14.624802294978204,3.2464615699760078,4.779173436203125,5.83877391689478,9.605662641112088,4.519983908670198
2.000019022633854,0.10011215685235729,0.03750913505632719,8.60856496948453,-5.1288817492190635,4.781056530528964,14.61383029208512,2.9780568454598804,4.778298391844449,5.913721856636796,9.597858404557103,4.518833802034657
2.0005329366913647,0.10021486111699218,0.06464292351280469,8.570220423845642,-5.16492928745304,4.753941556951615,14.673122766105875,2.9398825530222936,4.785637750624457,6.232546344304729,9.611301182615728,4.531039933526731
2.000429591474504,0.1000005853199897,0.019429231679517253,8.60826665719847,-5.125736622335545,4.754676979764275,14.642175783870854,2.923339066949735,4.7859358914841135,6.233510231922743,9.607008271460536,4.534641217875557
2.0003991551905567,0.10000136377372716,0.02479089771790642,8.608603915086212,-5.129710807243871,4.760415283934045,14.641630555238935,2.8944374561812425,4.776795149826312,6.57077039513991,9.609088306037169,4.532323288634807
2.000432338692017,0.1001776148480893,0.006575044464275315,8.589801950709841,-5.129719733255956,4.758343476757337,14.617812330864625,2.892258540383147,4.792860053210119,6.57077039513991,9.607008271460536,4.530387691357558
2.0004162308478017,0.10012816705827336,0.283833394058163,8.591659452859597,-5.131039897244004,4.750568905255161,14.450327337166598,3.1080970233136056,4.745266133556001,6.639415730608952,9.549001790816524,4.5834804033649545
2.000092539392931,0.10012416577376462,0.283833394058163,8.591659452859597,-5.131039897244004,4.750568905255161,14.450327337166598,3.1080970233136056,4.745266133556001,6.667137919816939,9.546224152897379,4.543349577933492
2.0000345429520427,0.10018283545704924,0.06287208922500409,8.60885771388968,-5.129803005469612,4.766735380538581,14.40510608840057,3.108392698124916,4.2653095658674065,6.720542532733896,9.54179322459504,4.379666221523033
