3.9938207964145573,0.1000056620892879,5.501704931747939,-13.90175235730105,-41.20811415441519,5.513473913302378,5.50081869161304,-46.49827175221418,5.5551558939965835,-19.993384861010217,5.69590401825766,5.543031859010993
3.9938207964145573,0.10000569052900025,5.501363922691131,-13.90175235730105,-41.20811415441519,5.513473913302378,5.50081869161304,-46.49827175221418,5.555156258747458,-19.99337871091438,5.69590401825766,5.543031859010993
3.993597337809241,0.10000703357675644,5.5013736070596115,-13.707463738346076,-40.867529080671304,5.517305942768316,5.529692843604923,-46.27544210089884,5.5549759869469,-19.7765632857887,5.2389513195675965,5.536723952523677
3.9800929052586294,0.10006716434654483,5.5013736070596115,-13.707463738346076,-40.867529080671304,5.517305942768316,5.530653899041001,-46.27775019598856,5.554971961565793,-19.7765632857887,4.719514591492941,5.541636577953788
3.9800929052586294,0.10006716434654483,5.5013736070596115,-13.707463738346076,-40.867529080671304,5.51710855322072,5.531372735100532,-46.15497120396063,5.554971961565793,-19.753074610157714,4.719514591492941,5.541636577953788
3.980033994238761,0.10006716434654483,5.5013736070596115,-13.707463738346076,-40.867529080671304,5.517313068746664,5.531372735100532,-46.15497120396063,5.554971961565793,-19.753064718963653,4.719514591492941,5.541636577953788
3.9848387912619816,0.1000323284607065,5.500754384572973,-14.027487657996119,-41.06584885330107,5.517334124921075,5.425133612413854,-45.63736240985491,5.554487108908267,-19.749020796702464,5.115414924091922,5.5417059725149835
3.9848088058368565,0.1000323284607065,5.500754384572973,-14.02241009748121,-41.06584885330107,5.517334124921075,5.425133612413854,-45.620008059236234,5.554487108908267,-19.749020796702464,5.115414924091922,5.5417059725149835
3.9847978132276687,0.10000948811843643,5.500920057933348,-14.027229266715683,-41.13916224085786,5.516790711625201,5.441186258084763,-45.58863380650274,5.55395926834799,-19.749020796702464,5.115414924091922,5.541648547431122
3.9847978132276687,0.1000323284607065,5.500754384572973,-14.02241009748121,-41.13916224085786,5.516790711625201,5.425133612413854,-45.58863380650274,5.553959577068622,-19.749020796702464,5.115414924091922,5.541648547431122
3.9847978132276687,0.1000323284607065,5.500754384572973,-14.020737519648206,-41.13916224085786,5.516790711625201,5.425133612413854,-45.58863380650274,5.555042642788214,-19.895165539724733,4.976695636518926,5.541648547431122
3.980807819975167,0.10006303316212099,5.503416336075771,-13.854559283033245,-40.95254818222693,5.517363166851415,5.517299838210171,-45.589653558464995,5.555121932498978,-19.94002444990063,4.719514591492941,5.541712723658551
3.980807819975167,0.10006125301128342,5.503416336075771,-14.01666843383191,-40.9562318990206,5.5173331061080395,5.517299838210171,-45.639507184094064,5.555093685367929,-19.7463644650215,4.719514591492941,5.541712723658551
3.9829144373541077,0.10000171861039694,5.501552585974211,-13.870279161306646,-41.53103029815403,5.519732293968943,5.496245999089012,-46.570377712298644,5.555159200991076,-19.995448832932137,3.506018386342395,5.5433030222411155
3.98479945390093,0.10000233002360083,5.503241192872769,-13.89795276719043,-41.1152985747811,5.514955366986042,5.420931445992346,-46.40038874495206,5.553987699518062,-19.995391949827543,3.5191764478323515,5.56424591647017
3.9835036207674928,0.10000576239994514,5.495121350012471,-13.902680288286524,-41.34940824120939,5.517010486624242,5.532561911625114,-46.09255057204786,5.555062696316057,-19.99548853332614,3.506018386342395,5.5592572060488115
3.9829144373541077,0.10000034961070184,5.500908601728195,-13.90067144058325,-41.34858547769351,5.520413818012895,5.5317247174771556,-46.02125393985196,5.555065871129786,-19.99548853332614,3.506018386342395,5.541678981093053
3.9966736546284136,0.10000536496898728,5.500913139700757,-14.52682690972497,-41.34940824120939,5.515931958073707,5.187204024475662,-46.03797938033845,5.5550348787772235,-20.029309018322465,3.506018386342395,5.542491489435393
3.983506050818947,0.10000737858732685,5.500913139700757,-14.531036341566917,-41.43212205698144,5.515755718964573,5.186938095998121,-45.992893046544076,5.553913542720381,-20.029309018322465,3.506018386342395,5.543237978559437
3.983506050818947,0.10000536496898728,5.500913139700757,-14.52682690972497,-41.34940824120939,5.515725491258007,5.184539238186627,-45.992893046544076,5.5550348787772235,-20.029309018322465,3.506018386342395,5.542491489435393
3.982970103665676,0.1000013823050877,5.501552585974211,-13.980995818291888,-42.28528378651617,5.515854262764474,5.719847147194318,-45.73634465299904,5.55627248790446,-19.7560250049004,3.0378462002871442,5.543762466544455
3.982970103665676,0.1000013823050877,5.501552585974211,-13.995573889109611,-42.28528378651617,5.520424104285417,5.719847147194318,-45.4509036115684,5.555157350901646,-19.7560250049004,3.085989515614853,5.543762466544455
3.982970103665676,0.1000013823050877,5.501552585974211,-13.999656430954778,-42.28528378651617,5.520424104285417,5.719847147194318,-45.275054807958696,5.555159046113475,-19.7560250049004,3.085989515614853,5.543762466544455
3.9829144373541077,0.10000171861039694,5.501552585974211,-14.495631288807825,-42.28528378651617,5.520424104285417,5.512195952212215,-45.273321115615666,5.555159200991076,-19.7560250049004,3.085989515614853,5.5423150418495855
3.9828291280820287,0.10000171861039694,5.501552585974211,-14.495631288807825,-42.28528378651617,5.520424104285417,5.531509879522104,-45.26027243174405,5.555159200991076,-19.7560250049004,3.085989515614853,5.541657845387491
3.9828291280820287,0.10000178654578643,5.501552585974211,-14.495631288807825,-42.28528378651617,5.520424104285417,5.531509879522104,-45.06768667180598,5.555162198756662,-19.7560250049004,3.085989515614853,5.541657845387491
3.9833923591585196,0.10000162745910858,5.501002146514692,-14.533421161030079,-41.491968302195986,5.5148047476545825,5.236003272036516,-44.18314231890461,5.55449209159336,-19.780036291319675,3.595963561652531,5.5418466607616885
3.9835426085236136,0.10000820671974389,5.501002146514692,-14.538139691163376,-41.435595368574084,5.515115644719043,5.226928109178945,-44.18314231890461,5.555077506421029,-20.026217877143022,3.3820059088718044,5.55770769185529
3.9832075449147255,0.10008896927025566,5.500742576080569,-14.537882881202217,-41.435595368574084,5.515115644719043,5.216342113432399,-44.17537055376194,5.5549825471991525,-19.795212256276148,3.3001638495844086,5.552957154884872
3.9832075449147255,0.10008896927025566,5.500735049322371,-14.537882881202217,-41.37975536650999,5.515871097686182,5.216342113432399,-44.20795921589142,5.5549825471991525,-19.945664342366314,3.0155735804675943,5.553215654011863
3.9921021559535195,0.1000082984980437,5.540433676391335,-14.458896042901493,-41.691412606632156,5.519792293015506,5.46384046027478,-44.65510146875492,5.551856599059535,-19.994417005913267,2.112628290041742,5.584001909167531
3.9839838099502,0.10000363322826915,5.542095720560367,-14.485943262307478,-41.73876233186147,5.515797752113986,5.464767795833042,-44.398399587033126,5.556019957698173,-19.994417005913267,2.3483746618856136,5.5839803278665645
3.992697684169812,0.10000896421795692,5.5405071206936105,-14.483946632683757,-41.99636792675438,5.519792293015506,5.40142119051762,-44.102363346394164,5.5518547306498105,-19.992735545413158,2.125746170115861,5.5847325127145515
3.9834247908432805,0.10000116033145148,5.542117040857774,-14.528740075147793,-41.691412606632156,5.515787746929566,5.464862689811417,-43.58990619362468,5.554990790419858,-19.99509346515986,2.2414281908082145,5.5572399578495295
3.9839838099502,0.10000116033145148,5.542095720560367,-14.482506099383306,-41.691412606632156,5.515797752113986,5.464499365770996,-43.58990619362468,5.555001012802732,-19.994417005913267,2.2414281908082145,5.583895297912523
3.9839838099502,0.10000435414265683,5.540433676391335,-14.458896042901493,-41.691412606632156,5.516929018525126,5.46384046027478,-43.58990619362468,5.551856599059535,-19.994417005913267,2.112628290041742,5.583895297912523
3.996937190234003,0.10000109063825662,5.50066858280495,-14.538311529184917,-44.63896842282679,5.515580649637289,5.508601867195693,-45.97733445936919,5.5550136434283655,-20.029105332914327,-0.4686480694862476,5.559135199124754
3.996937190234003,0.10000109060958666,5.50066858280495,-14.538300664632045,-44.63896842282679,5.515580649637289,5.508601867195693,-45.8881570731649,5.555512003548176,-20.03135446483792,-0.4686480694862476,5.55836675883222
3.996937190234003,0.10000109060999604,5.50066858280495,-14.537024664516174,-44.63896842282679,5.515580649637289,5.508601867195693,-45.88617260446705,5.555519087823485,-20.03135446483792,-0.4686480694862476,5.542662861904945
3.9971517411691537,0.10000022344648075,5.541694082429408,-14.484175600252158,-41.4416963671417,5.515571002447748,5.511625271976035,-43.57835583518655,5.554764708146672,-19.995922627670776,1.4846266616557797,5.583895297912523
3.998164740428581,0.10000012762913373,5.500421426361114,-14.633847980824674,-44.946192420786645,5.51467889788838,5.42602820751809,-45.2700988481828,5.554495012323349,-20.030664703392766,-0.22216488683369828,5.539649576755261
3.982943680353375,0.10018297133007693,5.501213532570026,-14.484122505337412,-44.96383930038819,5.515872822401271,5.4797896049544965,-45.708314396418075,5.556263090481002,-19.941117541645212,-0.8592099272309799,5.543757242430838
3.998164740428581,0.1000422649916176,5.500421426361114,-14.633847980824674,-44.971810439872705,5.51467889788838,5.4276326392463785,-45.62658718311329,5.554495012323349,-20.030664703392766,-0.8648059469716466,5.541704160778755
3.9830741700362267,0.10000968501493934,5.502590945383322,-14.452337563471545,-44.96383930038819,5.515224113926856,5.476653260848253,-45.37575001765086,5.5550912796723235,-19.95185196043809,-0.8592099272309799,5.543757242430838
3.9816979056621054,0.10000968501493934,5.5370976507948315,-14.452337563471545,-44.96818599889337,5.515224113926856,5.476653260848253,-45.37575001765086,5.5550912796723235,-19.94833624063343,-0.8592099272309799,5.5442399979166055
3.9829595354915353,0.10015184402351984,5.5009094455175624,-14.450494780961959,-45.03826061706798,5.513668035203471,5.4984411925127015,-45.27404906034165,5.555206816369911,-19.941117541645212,-0.8592099272309799,5.54326286881926
3.9830499705726514,0.10000350705047595,5.541068763680688,-14.487319724993757,-44.603389304795705,5.517295739633724,5.502854473749238,-44.104514886407564,5.552514382730445,-19.992832753162592,-0.1481705909891777,5.563136316021287
3.9967651123112105,0.10000904988454046,5.525562775018079,-14.530097033747467,-44.63890434851974,5.519780282156217,5.5036730667063685,-44.11055164236366,5.551845171629941,-20.028349061352234,-0.5901262656316195,5.557095638473675
3.983133209775593,0.1000665164571425,5.540532602639768,-14.45342651509302,-44.44054274012246,5.517552255131636,5.498620227557787,-43.80669547105507,5.5538142409863,-19.942716826606457,-0.27972327824776383,5.541751454731704
3.9835240047816467,0.10000244918590845,5.543259425401791,-14.483335805175182,-44.73736827101946,5.514003187777779,5.478296635799047,-43.80415428396896,5.553706922480315,-19.99199136646119,-0.3120271509230432,5.541688550512028
3.9839966412588055,0.10000030822827013,5.542877136800365,-14.487759093954212,-44.427425147273205,5.514021249835225,5.5001444600766565,-43.7623829508471,5.553758896370988,-19.99439316576104,-0.3119131104598145,5.54161097479086
3.9835240047816467,0.10000244918590845,5.542877136800365,-14.46483546982849,-44.427425147273205,5.514003187777779,5.5001444600766565,-43.7623829508471,5.553766115320278,-19.992359132738237,-0.3120271509230432,5.54161097479086
3.9830267478717514,0.10000244918590845,5.542877136800365,-14.46483546982849,-44.427425147273205,5.514032501349725,5.500200381790979,-43.73443158593843,5.553766115320278,-19.990515740437196,-0.3120271509230432,5.541711884623357
3.9947347010573817,0.10000822751248536,5.5410581997482256,-14.47486755001378,-44.659298877821186,5.516831730345114,5.49952005019383,-43.52074737709356,5.555281379745809,-19.99523530238777,-0.5534188515686302,5.559335981332176
3.9836407968447958,0.10001090525722271,5.543752173814601,-14.500601170149688,-44.66706299369092,5.509405435907102,5.419495235651399,-43.617282835675574,5.553867487903957,-20.00621093973901,-0.6259436099270046,5.542487523568083
3.983312729133178,0.10001334227474569,5.542072257316399,-14.482398537928225,-44.785533290920206,5.513286587213211,5.496332549596173,-43.22219625939033,5.554281881665927,-19.997655980959184,-0.3114038947369381,5.541601779465501
3.9934406494333894,0.10000235323594651,5.538885036459129,-14.475361043023813,-43.713406820967826,5.513440869901263,5.4958342143815075,-43.7493656808154,5.551892737820568,-19.95087904966028,-0.8874046920518507,5.544100216095702
3.9934406494333894,0.10000235323594651,5.538885036459129,-14.475361043023813,-43.74770228246122,5.513440869901263,5.4958681818838295,-43.60191035099059,5.551892737820568,-19.95087904966028,-0.8874046920518507,5.581111701721093
3.9922330504331,0.10002375281591147,5.542279770413371,-14.47486755001378,-44.659298877821186,5.516831730345114,5.49868399899408,-43.52074737709356,5.555281379745809,-19.99523530238777,-0.9703748988506145,5.559335981332176
3.9933940999945476,0.10000314090044715,5.5347353031147595,-14.475916962044472,-45.069568541233494,5.514975101254077,5.474899104542512,-43.40883922050122,5.555127155374119,-19.95087904966028,-1.2247635303029776,5.577214150069531
3.9947959148188112,0.10000315235702512,5.538885036459129,-14.475928245765806,-43.76977896217965,5.513270301381755,5.5333908816722275,-43.30720888027446,5.554524202407204,-19.95087904966028,-1.242459529544386,5.579168558565947
3.9834322433047014,0.10001225840924272,5.541017240949746,-14.530711255050281,-44.73582119591352,5.516452272123294,5.412246361027264,-43.35684207198678,5.538594885395538,-19.98249763775854,-1.2926636363744906,5.555653019199856
3.997078171528356,0.10000346124736018,5.538843175116519,-14.473401118520849,-44.41166693542306,5.518303027464738,5.511615527789342,-42.780451392427636,5.550949726064364,-20.029242004771355,-0.886817464820021,5.54424082252624
3.997078171528356,0.1000270177360191,5.539141178568495,-14.631531912268153,-44.45314565316218,5.518303027464738,5.511615527789342,-42.780451392427636,5.550949726064364,-20.029242004771355,-0.9065727656529996,5.54424082252624
3.9934616287423443,0.1000270177360191,5.540131286744422,-14.631531912268153,-44.45314565316218,5.518303027464738,5.511615527789342,-42.75289575344799,5.550949726064364,-20.05252288421289,-0.9065727656529996,5.544280100503617
3.9832262078669407,0.10000008702549157,5.545127963995338,-14.361190763177134,-44.405907521593825,5.517552255131636,5.468674680292414,-42.34976562311497,5.555945637652366,-19.99523341358726,-0.5146590263688199,5.554170935216962
3.982921120555434,0.1000665164571425,5.541061802193477,-14.356164481440553,-44.406558668199644,5.517552255131636,5.468674680292414,-42.34976562311497,5.555945637652366,-19.99523341358726,-0.5385545212690794,5.554170935216962
3.9967651123112105,0.10000904988454046,5.52528127367872,-14.52691259633305,-44.63890434851974,5.515960346606106,5.500877817182277,-42.34902535288548,5.554750897952756,-20.02882800772045,-0.6547652923998531,5.557095638473675
3.9934406494333894,0.10000235323594651,5.541700432355231,-14.475361043023813,-44.31940180164204,5.513440869901263,5.49474409140178,-42.45524031947387,5.551892737820568,-19.962325804556126,-0.8874046920518507,5.544100216095702
3.983133209775593,0.1000665164571425,5.5405777871931665,-14.356164481440553,-44.424917883573364,5.517552255131636,5.468674680292414,-42.34976562311497,5.555967330560944,-19.942716826606457,-0.8597619890541197,5.554258957832646
3.9970896684924697,0.1000270177360191,5.540577408805087,-14.46526815162978,-44.45314565316218,5.517488860939213,5.511615527789342,-42.10068459643271,5.555035607572525,-20.029242004771355,-0.9065727656529996,5.54424082252624
3.983133209775593,0.10002594135672896,5.539987077108936,-14.457922478690792,-44.62736934463938,5.517552255131636,5.480873653520428,-42.13934534428837,5.555048452710123,-19.942716826606457,-0.9011611019404853,5.5410319813803826
3.983133209775593,0.1000665164571425,5.540532602639768,-14.356164481440553,-44.44054274012246,5.517552255131636,5.498620227557787,-42.08233558668877,5.555967330560944,-19.942716826606457,-0.9011611019404853,5.541751454731704
3.9830267478717514,0.10000244918590845,5.542877136800365,-14.367573436176025,-44.427425147273205,5.514032501349725,5.500200381790979,-42.01007170157214,5.555919204894922,-19.990515740437196,-0.9334649746157646,5.541711884623357
3.9934406494333894,0.10004015462734679,5.5347353031147595,-14.565423196368156,-43.81935443658525,5.514830393166344,5.531252637648522,-42.197310161455796,5.554514437746373,-20.0038433575543,-1.2520666940605532,5.577744265792203
3.9934406494333894,0.10004269683118247,5.5347353031147595,-14.500458705679966,-43.81935443658525,5.515222907386742,5.531252637648522,-42.11323607422157,5.554524397346079,-20.0038433575543,-1.226908246577948,5.577744265792203
3.9934406494333894,0.10000315235702512,5.5347353031147595,-14.475916962044472,-43.76977896217965,5.513536565472509,5.531252637648522,-42.11323607422157,5.551751717351591,-19.95087904966028,-1.226908246577948,5.581111701721093
3.9934406494333894,0.10004058457055108,5.5347353031147595,-14.537759347830399,-43.76977896217965,5.513361746957052,5.526503796499943,-42.11323607422157,5.551751717351591,-19.95087904966028,-1.226908246577948,5.581111701721093
3.984925848236105,0.10000315235702512,5.538905591230865,-14.475928245765806,-44.38428249409969,5.516290466546436,5.414827558924258,-41.90867274327216,5.551871901012135,-19.95087904966028,-1.2432628645910475,5.555500666679299
3.984925848236105,0.10000315235702512,5.5388936527894606,-14.518053199853707,-44.38428249409969,5.516335441834442,5.410376999435508,-41.90867274327216,5.5517534933183805,-19.95087904966028,-1.2432628645910475,5.580894211525862
3.980156788670389,0.10000315235702512,5.541043024893897,-14.475916962044472,-43.9831559850905,5.513536565472509,5.4794189990843,-42.31810996250563,5.554555784154471,-19.947989724485183,-1.7415197905659534,5.538454226345933
3.9801362706099805,0.10000315235702512,5.541043024270743,-14.475916962044472,-43.98714475277994,5.552655201466184,5.4793335281189055,-42.31810996250563,5.554555784154471,-19.947989724485183,-1.7415197905659534,5.538454226345933
3.9807937530579975,0.10000317405677966,5.5398178568696945,-14.475931103184696,-43.9831559850905,5.513531293643201,5.530402491469102,-42.11323607422157,5.554555784154471,-19.950980440627156,-1.7117829881949411,5.53756581530328
3.980156788670389,0.10000315235702512,5.539906387545178,-14.475916962044472,-43.9831559850905,5.513536565472509,5.531252637648522,-42.11323607422157,5.554555784154471,-19.94546710787553,-1.7415197905659534,5.53756581530328
3.980156788670389,0.10000315235702512,5.541043171878249,-14.475916962044472,-43.9831559850905,5.513536565472509,5.531252637648522,-42.11323607422157,5.554555784154471,-19.945324405333423,-1.7415197905659534,5.537685929793933
3.991849787906812,0.10008242121239948,5.538582342329822,-14.479735812732489,-45.18484953622991,5.550542719252619,5.504823212594799,-43.60861806143924,5.565254639663242,-19.775884902570883,-3.3240311333292776,5.557948943796162
3.9847978543718363,0.10003593034858439,5.542703026130814,-14.477374257753644,-45.28351093386634,5.516778226405795,5.470614239985384,-43.61603801364422,5.553937787522226,-19.78644473278533,-3.356943664888718,5.543236467368075
3.980156788670389,0.10000173601237888,5.541043171878249,-14.475916962044472,-43.9831559850905,5.549676451294234,5.530901993143423,-41.84698459611477,5.554083436678011,-19.945324405333423,-1.7415197905659534,5.537685929793933
3.98320525349159,0.10008371488324565,5.5429342611316965,-14.479735812732489,-45.18484953622991,5.551741575274162,5.504823212594799,-43.467684673008506,5.55249811383294,-19.775884902570883,-3.5778257668058773,5.559186118252794
3.984356705633694,0.1000102232704719,5.541688855625274,-14.529398178384342,-44.336780859422696,5.516068361650011,5.472634003239221,-42.41825833434928,5.551864750575486,-19.77583875585512,-2.712597334020937,5.588545453748622
3.984356705633694,0.1000102232704719,5.541688855625274,-14.530225017369988,-44.34468738385201,5.546624864060452,5.500212871107967,-42.38741741022299,5.553758022047027,-19.762159118516355,-2.712597334020937,5.587191742971973
3.9831349762325448,0.10001026196062641,5.541687583078595,-14.529424988274686,-44.336780859422696,5.513425469953617,5.472634003239221,-42.45421884299819,5.551864394496775,-19.78156869118512,-2.8943220352081696,5.541819946165025
3.9834966790921347,0.10001026196062641,5.541921815947506,-14.530270824861683,-44.336780859422696,5.549889811215224,5.473320802077759,-42.28824416185129,5.551864394496775,-19.78156869118512,-2.8987346918329253,5.541819946165025
3.9930229620959325,0.1000264250318843,5.5416018532592854,-14.458744197578984,-44.43004886434629,5.514316781420883,5.512417908271551,-42.28668323299212,5.551929266956376,-19.785730242007944,-3.0331666153905203,5.54247839845697
3.983133209775593,0.10006867462045721,5.540532602639768,-14.356164481440553,-44.40793499614917,5.517552255131636,5.495960366247706,-42.08233558668877,5.552017557294347,-19.942716826606457,-2.9371579359239686,5.541751454731704
3.993717335101716,0.10002530225747781,5.558808905931369,-14.48508289379587,-44.35638387166237,5.549433132900091,5.584894411169448,-42.43056201563063,5.555016878207551,-19.782361865324788,-3.354269320505083,5.550882265495928
3.983133209775593,0.10006687402607789,5.540096244120653,-14.356164481440553,-44.379396979691364,5.571956418412326,5.468674680292414,-42.34976562311497,5.555939231149351,-19.77385751299936,-3.1789554859901683,5.562110988510052
3.9933014478338524,0.10000922051638426,5.534778472422204,-14.483926457345952,-43.41039871552489,5.550563505039135,5.473790352293748,-42.421201072874204,5.551824689366335,-19.785730242007944,-3.5032544710550173,5.591072086414732
3.9933014478338524,0.10000933134807283,5.541243040529933,-14.483926457345952,-43.41039871552489,5.550563505039135,5.473790352293748,-42.421201072874204,5.551824689366335,-19.785730242007944,-3.505828731368554,5.591072086414732
3.9933014478338524,0.10000922051638426,5.534866926257199,-14.483926457345952,-43.41039871552489,5.5499854452610435,5.473790352293748,-42.346859922496606,5.551824689366335,-19.772306627167993,-3.506238118589767,5.591072086414732
3.994901475660764,0.1000031262861018,5.541042964447841,-14.475916962044472,-43.35026099838782,5.550984086763512,5.47843553577313,-42.31810996250563,5.555260660562122,-19.8005971236009,-3.5476290450809564,5.538579796314545
3.9934449106085856,0.10004792773066548,5.5343056858211535,-14.525163727684658,-43.91039582500051,5.515222907386742,5.531252637648522,-42.330189054181275,5.551751717351591,-20.007071004679524,-3.778194096052464,5.557537651347005
3.9933843619968594,0.1000016171685766,5.5345404132629445,-14.478398108058693,-43.91039582500051,5.515177932098736,5.535703197137272,-42.32967273520644,5.551870112335021,-19.772765296482863,-3.9322676806121084,5.55571815687453
3.9934406494333894,0.10000114346533037,5.534747241556164,-14.47597267205387,-43.91039582500051,5.515177932098736,5.535703197137272,-42.330189054181275,5.551870125045347,-20.007071004679524,-3.9322676806121084,5.55571815687453
3.9934406494333894,0.1000843848070472,5.5347353031147595,-14.513621274343187,-43.72578614121157,5.572436857766754,5.421116924085256,-42.20657571671401,5.551636948065294,-20.007071004679524,-3.9322676806121084,5.5811697005415715
3.982953325214218,0.10008573484375587,5.55543092759806,-14.483868073036122,-43.3464694050472,5.5508398686694145,5.505321244976648,-41.85168204858251,5.517817692152939,-19.783531938911853,-3.5317380266027727,5.55776161979207
3.9831377086174924,0.10006609713631147,5.555516689813528,-14.458020855863467,-43.3464694050472,5.52181875076629,5.4658730214973374,-41.848936683457765,5.517817692152939,-19.754095681462974,-3.5405148044110972,5.55776161979207
3.9839717612851553,0.10000581877439792,5.54166823855851,-14.44094233805286,-42.71370199423831,5.556459613903644,5.410190444895824,-40.23172291702219,5.554940812532492,-19.776506758066173,-2.707755246688473,5.55820776612736
3.979688820404602,0.1000072031280141,5.542484377287682,-14.457189007970092,-42.73815756666724,5.570690591748884,5.404544498955619,-40.22009671120389,5.555005173305491,-20.019202018184956,-3.0091024881914388,5.569866945544496
3.9798883225505604,0.1000072031280141,5.542485801213627,-14.353717399319551,-42.73815756666724,5.569873465876353,5.531192418471185,-40.172045321936956,5.5550301889676685,-20.013690549436106,-2.9859752124867196,5.569783563809815
3.9798883225505604,0.10000712664884812,5.542484931260853,-14.353717399319551,-42.73815756666724,5.569873465876353,5.532965415727726,-40.172045321936956,5.555036297199406,-19.982504324208524,-3.024964927107035,5.569783563809815
3.98320525349159,0.10000858270832068,5.5429342611316965,-14.479735812732489,-42.065063347165264,5.551466643387369,5.504823212594799,-40.09303461681377,5.55249811383294,-19.775884902570883,-3.3373817855890717,5.558455618767887
3.983155482731527,0.10000963376593794,5.539631952324945,-14.488157742861894,-42.1784472263751,5.571244776747445,5.388556741742729,-40.05815124219768,5.555261129987905,-19.786037866715347,-3.335852320991144,5.558449383236134
3.983155482731527,0.1000096018824024,5.539700740941309,-14.488157742861894,-42.09929252329869,5.5706667169693524,5.388556741742729,-39.98381009182008,5.555217176302215,-19.772614251875396,-3.3388359685258933,5.558449383236134
3.982735124287424,0.10008427730776763,5.552611756731873,-14.469229792435929,-42.060528171140525,5.570073483128147,5.4253485718423295,-39.97011420190259,5.556744096278975,-19.78268194590054,-3.3423689133205707,5.585523653210851
3.982735124287424,0.10008427730776763,5.552611756731873,-14.477544059655832,-41.96101518657221,5.570073483128147,5.4253485718423295,-39.9450937362884,5.556693411515129,-19.78268194590054,-3.4047346309915474,5.584646677905342
3.9831610833808013,0.1000096018824024,5.539700740941309,-14.488157742861894,-41.69240579129501,5.570671156046421,5.463511411307882,-40.042953629232144,5.551858800489411,-19.7852224837694,-3.563375577594228,5.557856762814772
3.9831609677897752,0.1000096018824024,5.539700740941309,-14.488157742861894,-41.432138514702466,5.570096786954643,5.387363516792712,-40.042953629232144,5.551870832433161,-19.786056114443962,-3.720240784978896,5.557856762814772
3.9831609677897752,0.1000096018824024,5.539700740941309,-14.488157742861894,-41.432138514702466,5.570671156046421,5.387363516792712,-40.042953629232144,5.551870832433161,-19.7852224837694,-3.720240784978896,5.557856762814772
3.992841453004127,0.1000089804224137,5.539956809240153,-14.493641073610295,-41.17436626860178,5.5676942390675865,5.379577141793141,-39.025232746798345,5.551877926061046,-19.94805067948372,-2.9841661174496776,5.553966192351546
3.993056011768197,0.10000960407033763,5.539956809240153,-14.48815166121808,-41.17436626860178,5.570951861855861,5.38744182115727,-38.869557890463774,5.551877926061046,-19.777046563095567,-2.9841661174496776,5.56260530270787
3.993056011768197,0.10007521797195067,5.540160356869353,-14.47683478590129,-41.17436626860178,5.568769868345214,5.389686995530264,-38.72471719366809,5.555004947679609,-19.777025825878116,-2.979543924905538,5.5572363600562245
3.993056011768197,0.10007660328394694,5.540103720663459,-14.48815166121808,-41.17436626860178,5.570951861855861,5.387361473249012,-38.694772594928835,5.555228988416996,-19.777025825878116,-2.979543924905538,5.56260530270787
3.993056011768197,0.10040347653324877,5.539956809240153,-14.48815166121808,-41.17436626860178,5.570358928021491,5.391076019354384,-38.66354071422509,5.551877926061046,-19.777046563095567,-2.9841661174496776,5.56395491255946
3.993056011768197,0.10007660328394694,5.540103720663459,-14.48815166121808,-41.17436626860178,5.570951861855861,5.387072276705277,-38.65001147926929,5.555379725710245,-19.777025825878116,-3.202155791889823,5.56260530270787
3.994947716714784,0.10001284666866818,5.540103720663459,-14.476943795610955,-41.09731614266117,5.570942819583976,5.387489059717794,-38.59765988919214,5.554996493163367,-19.761451200180108,-3.202155791889823,5.561975344194091
3.994467065294233,0.1000032953021803,5.540163370590078,-14.476943795610955,-41.03203711981165,5.570036633392815,5.387489059717794,-38.59765988919214,5.554996493163367,-19.761451200180108,-3.202155791889823,5.562591041872468
3.9800413264204186,0.10001799223005706,5.545369599213422,-14.533074810717904,-40.86084671713283,5.569812665731256,5.4900074828556225,-38.57549373002341,5.554516191392175,-19.757602693324166,-3.3705415849904314,5.558244096256129
3.98041399827417,0.10001671072331823,5.545023886234303,-14.533074810717904,-40.28570102535011,5.570101168057996,5.484996171407266,-38.57549373002341,5.554516191392175,-19.757602693324166,-3.321784874269644,5.558244096256129
3.98041399827417,0.10004284968943035,5.571116692397352,-14.361935661588895,-40.35469199287721,5.56991790497632,5.483157616413741,-38.57549373002341,5.555027649388123,-19.756721170505173,-3.321784874269644,5.558244096256129
3.98041399827417,0.10004284968943035,5.571832719427658,-14.354537100979886,-40.35469199287721,5.56991790497632,5.483157616413741,-38.57549373002341,5.555027649388123,-19.756721170505173,-3.4063063969018623,5.558244096256129
3.983508645139521,0.10007499353457255,5.541932457257801,-14.479939485366812,-40.34099201990246,5.55052177706056,5.473284184456634,-38.04177034261757,5.552638480098908,-19.776977180628496,-3.2062419878140083,5.562546945934756
3.983508645139521,0.10004459382949363,5.542093674711132,-14.467866848280629,-40.34099201990246,5.57202431789533,5.470789789229392,-38.04177034261757,5.552638480098908,-19.777074894152722,-3.2061935749868677,5.5546768892307945
3.9833114618505405,0.100043034934146,5.54209382010123,-14.468328309341583,-40.31289399210113,5.550330031546889,5.399466717769434,-37.92110245531461,5.557029035598667,-19.976436041517957,-3.3267667078152474,5.574855709883533
3.983508645139521,0.10004459382949363,5.542048490157734,-14.467866848280629,-40.35661687645156,5.57202431789533,5.500735336494765,-37.77434030619137,5.552638480098908,-19.777074894152722,-3.2475926878732335,5.542169386129853
3.9833114618505405,0.10002544798072496,5.542093821695483,-14.468328309341583,-40.31289399210113,5.550330031546889,5.399769432440935,-37.73019762779121,5.552487742805659,-19.976417536019483,-3.3267667078152474,5.574855709883533
3.983631490332118,0.10003306169609476,5.552611756731873,-14.469229792435929,-39.315965827884966,5.570073483128147,5.413789299107892,-37.68198774041299,5.556744096278975,-19.78268194590054,-3.271907644471704,5.584646677905342
3.9836254377013613,0.10003306169609476,5.552611756731873,-14.469229792435929,-39.315965827884966,5.571119397122338,5.412857558754794,-37.68198774041299,5.556744096278975,-19.782616021289435,-3.271907644471704,5.588772248821241
3.9935770517176206,0.1000003629186935,5.540600787272027,-14.487256295827052,-40.00255218320238,5.570021617645011,5.377489494803276,-36.883189676741644,5.561415018349606,-19.77697681108208,-3.0913366814484293,5.563160124450924
3.9937233688092766,0.10002537035559662,5.539998076311852,-14.486845886355196,-39.86190416650805,5.551357399253779,5.261361340989053,-36.86206855056521,5.555228988416996,-19.771103285830556,-3.0905405171799445,5.562667537178367
3.9839766080164614,0.10002537035559662,5.541710519906307,-14.438607088937323,-39.86190416650805,5.5514202805643,5.406456826604906,-36.8818675507292,5.555235670880482,-19.771103285830556,-3.0905405171799445,5.562667537178367
3.993299324865584,0.10007796839916695,5.540600787272027,-14.487256295827052,-39.321227787697026,5.570021617645011,5.377489494803276,-36.883189676741644,5.555429780455305,-19.77697681108208,-2.76950075778323,5.563188307811841
3.9835822144566984,0.10000576213575096,5.541498063346389,-14.487357965171316,-39.3072134602211,5.556459613903644,5.413807057472197,-36.754384846078764,5.554940812532492,-19.77575690538957,-2.6991481737923366,5.56310456538192
3.9935770517176206,0.10007743610619756,5.540600787272027,-14.487256295827052,-39.248618414233576,5.570021617645011,5.377489494803276,-36.883189676741644,5.555228988416996,-19.77697681108208,-3.0913366814484293,5.563160124450924
3.9934386066236436,0.10007485653941428,5.543174848166534,-14.436514060059356,-39.37822303803461,5.5725474686898755,5.459356016146974,-36.814575253862024,5.552484707229097,-19.77812839642544,-3.098141416763179,5.5590781046968365
3.9935770517176206,0.10007743610619756,5.540600787272027,-14.487256295827052,-39.248618414233576,5.570021617645011,5.377489494803276,-36.78614492700967,5.555228988416996,-19.77697681108208,-3.067267472522166,5.563160124450924
3.993056011768197,0.10007478295593406,5.539980000395473,-14.487256295827052,-39.248618414233576,5.5726535717944055,5.387072276705277,-36.85217907749914,5.555228988416996,-19.77697681108208,-3.2075016882778176,5.562667537178367
3.97877917855337,0.10000600793291088,5.540506707018439,-14.486845886355196,-39.28670869613163,5.551357399253779,5.380690064677208,-36.8547668560429,5.555045999705022,-19.77140222563211,-3.312500253486731,5.562530613842539
3.9935786154748825,0.10007478295593406,5.540605117425391,-14.486845886355196,-39.220520386432256,5.551357399253779,5.3774096474021595,-36.8547668560429,5.555228988416996,-19.77140222563211,-3.312500253486731,5.562667537178367
3.9937765029714822,0.10008243977127926,5.543170391415069,-14.482887339635337,-39.270146498371005,5.569832603134859,5.420853349248855,-36.752949889460474,5.555106394222388,-19.771397970379173,-3.332708254641796,5.557109817846652
3.9928132980700877,0.10007478295593406,5.539993281627258,-14.48740648723574,-39.254557283551996,5.5726535717944055,5.384689483614339,-36.85217907749914,5.555228988416996,-19.775868813287126,-3.558472490657954,5.562667537178367
3.9932673392515716,0.10000666820198265,5.543062997190255,-14.458844049813035,-39.26104661361289,5.569815245467611,5.5848534725062855,-36.7936028005203,5.55500023512324,-19.76962363206353,-3.6379577374628145,5.591664297627445
3.9803785774202143,0.10002537035559662,5.53996594653351,-14.531670374488721,-39.220520386432256,5.571173339735072,5.38123288071748,-36.85217907749914,5.554500355179714,-19.771103285830556,-3.7122677555126695,5.5625850668762
3.9835346825996636,0.10002537035559662,5.539998076311852,-14.486845886355196,-39.220520386432256,5.551357399253779,5.38123288071748,-36.85217907749914,5.555228988416996,-19.771103285830556,-3.7122677555126695,5.562667537178367
3.9836841788353134,0.10000446761735386,5.540493715636793,-14.458667186009485,-39.010470325963254,5.581307383321148,5.4799479579406345,-36.78614492700967,5.551667284325805,-19.76241341527967,-3.5457677423776426,5.563160124450924
3.9801845373316547,0.10002375588318727,5.5589043868484715,-14.482820976042834,-38.8893061650463,5.5689449483925335,5.222523307874215,-36.08640496940344,5.554571001633972,-19.980862049666168,-3.06380485472921,5.580031250844115
3.983483210218892,0.10004211989690079,5.558880313556442,-14.482887339635337,-38.83365495365147,5.5502825395881015,5.420481720105904,-36.28190358889086,5.555334426464346,-19.771397970379173,-3.3299597868712945,5.5788683287804295
3.9834756703068757,0.10008243977127926,5.560416109496686,-14.482887339635337,-38.8607419352464,5.551824051404942,5.420853349248855,-36.28190358889086,5.555106860215122,-19.771397970379173,-3.332708254641796,5.557109817846652
3.9800651566163925,0.1001322389339211,5.56021029164108,-14.468819705352942,-38.84355762761196,5.55008321989026,5.451827680926533,-36.205654828892456,5.588176779823007,-19.747128783635453,-3.382877474148725,5.595050352383595
3.9831007957385545,0.10006688169541676,5.5595520318904,-14.468780954180568,-38.84355762761196,5.55008321989026,5.451827680926533,-36.205654828892456,5.588176779823007,-19.747128783635453,-3.382877474148725,5.541910276363819
3.9833866108886147,0.10000977324355861,5.569708812464244,-14.48815500447532,-38.16384755921098,5.568265740168025,5.394933743171748,-35.51879153268644,5.555107955126357,-19.976665267139534,-2.917780449717983,5.56087041896849
3.9833866108886147,0.10001474939652505,5.570118609471383,-14.528961421503118,-38.16384755921098,5.568265740168025,5.394933743171748,-35.51879153268644,5.555107955126357,-19.981932087413767,-2.9537469236574223,5.56087041896849
3.9937312913441536,0.10006387174506531,5.5746080674601,-14.511310366746226,-37.73742209401335,5.568729620616675,5.398158531532708,-35.51879153268644,5.555160087360834,-19.97921308804546,-2.9628184322586,5.581550272353996
3.9837841368980262,0.10000070093571815,5.590599414403113,-14.513797308187906,-38.238404239177626,5.555849333943568,5.470895321983178,-35.31074664950335,5.552231987139439,-19.776568931146446,-3.0730543639463463,5.557651724349884
3.9837841368980262,0.10000070093571815,5.551904707635609,-14.469450401625554,-38.238404239177626,5.555849333943568,5.425707294213114,-35.31074664950335,5.552231987139439,-19.776568931146446,-3.3383271715773835,5.585495138984255
3.9837642116519656,0.10000367072834264,5.543482974647563,-14.485922543351226,-38.03065409230173,5.555849333943568,5.470895321983178,-35.09877694915889,5.5560437713880475,-19.76156694956031,-3.0730543639463463,5.557178917973143
3.9949720085066467,0.10000160794309579,5.590599414403113,-14.513797308187906,-38.07626701023778,5.565600222838777,5.475167454174796,-35.35809536125751,5.539014144252186,-19.761798353792475,-3.5183045289902384,5.596216180644508
3.983655304401952,0.10000373902456414,5.590599414403113,-14.483952650100964,-38.07626701023778,5.566346575591511,5.475167454174796,-35.35809536125751,5.539014144252186,-19.761798353792475,-3.5183045289902384,5.596216180644508
3.9836503123477187,0.10000373902456414,5.590599414403113,-14.483952650100964,-38.027778372504955,5.556522885275866,5.475167454174796,-35.34879086804322,5.539302172762599,-19.761798353792475,-3.5183045289902384,5.556333489129184
3.9836984081649813,0.10003234584331883,5.545365610088974,-14.533074810717904,-37.779216334037976,5.5699220361367106,5.197232263051868,-35.045664822207705,5.554544303221591,-19.773743112155827,-3.3087631570383156,5.595732213360985
3.9836984081649813,0.10003234584331883,5.545365610088974,-14.533074810717904,-37.72387836925784,5.567926816181929,5.242510149738698,-35.045664822207705,5.554544303221591,-19.775807012118836,-3.2896815815157203,5.595732213360985
3.983991512759507,0.10003670424640498,5.560336707722088,-14.459942648931026,-37.587303928059185,5.570518044667424,5.476729907443458,-35.11758410809462,5.55504075508698,-19.89367887527174,-3.7763331172786883,5.591171211725993
3.9835478664933723,0.10005098416840723,5.567148087074022,-14.532404164964763,-37.587303928059185,5.559297881332273,5.415032015732066,-35.115137249177174,5.554760853778612,-19.9367439459799,-3.781803418634398,5.596768233095039
3.983575235314888,0.1000129227276889,5.5671433176992915,-14.533247841075502,-37.036917002937955,5.559322660068202,5.4142623572707,-34.04533694366505,5.555259348928263,-19.77239710720986,-2.682869573876682,5.580604049876799
3.9837284123584054,0.10002376163960482,5.54388414995432,-14.517702363416506,-36.824287701680014,5.569594357656223,5.376701713428331,-34.42458707043147,5.551836702271043,-19.775937816259987,-3.074482419402356,5.579779350451916
3.9800100406095296,0.10000432347473803,5.572937145673908,-14.437795752364604,-37.179260875859896,5.571562560956392,5.577316251493365,-35.08921381435941,5.5519558608221224,-19.789411305835056,-4.003603512374196,5.590935773423523
3.9926222078300717,0.10000820456043533,5.5671433176992915,-14.51819086685915,-37.07625223816711,5.572554556448021,5.4142623572707,-34.44647890209811,5.554745828222026,-19.983994952456065,-3.797039151287294,5.587793799545115
3.983452466861143,0.10004340662337617,5.565547770252637,-14.533127192820412,-37.045060739667896,5.580145359596278,5.4142623572707,-34.434612368133806,5.555529780588281,-19.937156011997033,-3.797039151287294,5.587793799545115
3.9935770517176206,0.10007725643271981,5.540600787272027,-14.487256295827052,-36.756672375665495,5.570021617645011,5.377489494803276,-33.88252926471027,5.555228988416996,-19.77697681108208,-3.0605845828900025,5.580442935156183
3.983575235314888,0.10001302278425774,5.5671433176992915,-14.533247841075502,-36.741116370565216,5.559410590372564,5.4142623572707,-34.434612368133806,5.555259348928263,-19.77239710720986,-3.9222687840374686,5.580604049876799
3.9787302861658045,0.10008243977127926,5.543769386652637,-14.489904952197655,-36.793550988702954,5.571680983947134,5.705199056325692,-33.437753109394656,5.555107697122593,-19.771397970379173,-3.31496526769446,5.557109817846652
3.9787302861658045,0.10007738434795783,5.54371803923824,-14.487297773601991,-36.780576106840925,5.570058800245524,5.705199056325692,-33.437753109394656,5.555108069355035,-19.771397970379173,-3.3297313198600973,5.55719957282915
3.978115691990342,0.10000959705452739,5.543771892235428,-13.988742838722398,-36.82070457383937,5.5703366957789004,5.708480336792,-33.658368695352415,5.555162794130968,-19.98808788026281,-3.9284310746669946,5.560608860266247
3.9838175274849026,0.10001149551685035,5.543771892235428,-13.994356798567946,-36.80297958800459,5.5703366957789004,5.704685477938753,-33.57339735232654,5.555005770188882,-19.99468496390203,-3.8584628509792047,5.581429506909011
3.9790599766903303,0.10000959705452739,5.543771892235428,-13.986156050500501,-36.72410742701566,5.5714383972667045,5.70308089377063,-33.57339735232654,5.5551631727835735,-19.98288340241126,-3.9284310746669946,5.581079819353023
3.9790599766903303,0.10001139689556314,5.543771892235428,-13.994356798567946,-36.70616699504192,5.5703366957789004,5.704685477938753,-33.57339735232654,5.554537129949415,-19.98288340241126,-3.9140088460833145,5.581429506909011
3.9840892151852163,0.10001125528275337,5.540516726206275,-14.528435883503386,-36.29046056588015,5.577123277342357,5.2641569481828485,-33.45814754203958,5.554414530228485,-19.771293086242178,-3.501458856417173,5.581197326455367
3.979499894480501,0.10000605260001887,5.543758013570268,-13.962147335371926,-36.33256962797227,5.579567919794601,5.704685477938753,-32.957299779269796,5.55572671193524,-19.98288340241126,-3.50450128545946,5.580877674494352
3.979499894480501,0.10000608581147664,5.543758013570268,-13.962147335371926,-36.33256962797227,5.551706177653136,5.704685477938753,-32.84790427549746,5.555045955601064,-19.98288340241126,-3.52238996695872,5.5602936339709785
3.979499894480501,0.10000608581147664,5.543758013570268,-13.962147335371926,-36.33256962797227,5.551706177653136,5.704685477938753,-32.81604437144419,5.5557193807797765,-19.98288340241126,-3.504574980040359,5.5602936339709785
3.992603628609872,0.10005130242573577,5.48436350691335,-37.8733012600331,6.05397176987255,5.460955658825437,-16.261648581471995,13.871931320329125,5.566670497797737,-20.01884972526328,-8.117263776480529,5.538409722924526
3.9802817005102593,0.10000723628535153,5.500822932886135,-37.9168314722023,4.598257966882429,5.462469826424251,-17.298110592416307,17.04465239761236,5.551090132260196,-20.02653215691268,-7.2239506485264,5.541650565738872
3.982885023205022,0.10000723628535153,5.49990427865572,-37.9168314722023,3.4235984767140124,5.462169348471226,-17.298110592416307,17.04465239761236,5.551067863056552,-20.02653215691268,-7.2239506485264,5.545399684993066
3.9921832042885748,0.10009966029499826,5.4791088400427475,-36.11167025338303,6.731436225507759,5.463067947516664,-16.90178705024609,18.642434691803953,5.556764679076175,-19.791305746334583,-7.272910037801934,5.583152620085925
3.9921832042885748,0.10003803108963806,5.4791088400427475,-36.11167025338303,6.599354746032166,5.463067947516664,-16.96761199693558,18.642434691803953,5.556764679076175,-20.00523199518732,-7.272910037801934,5.583152620085925
3.994429183268971,0.10000662126134056,5.479429359315928,-36.013394744405204,6.1227570672917615,5.460955658825437,-16.112351650953514,17.927948371694427,5.565011061747072,-20.026882249760643,-6.936598067357711,5.543724101668302
3.983126346968897,0.10002166040344213,5.479429359315928,-35.61751941472382,7.09188887038796,5.463946021436338,-16.559467162027232,16.92221708110908,5.565011061747072,-19.710517459555415,-6.994803783407576,5.54465490608695
3.9831466948859844,0.10018993661994677,5.479429359315928,-35.664748536238655,6.552346010626719,5.462126238185806,-17.342592465322234,18.29187595938571,5.565020641302954,-19.725057862358984,-7.221377084106646,5.543722071621374
3.983126346968897,0.10002252432198985,5.479429359315928,-35.61751941472382,6.1227570672917615,5.463946021436338,-16.141098301277992,17.927948371694427,5.565011061747072,-19.710517459555415,-6.936598067357711,5.54465490608695
3.9935954616619886,0.10019332065244156,5.479429359315928,-35.31851739037266,7.263479637665795,5.4607763208509015,-18.073559733753697,17.6307890561219,5.565352443846814,-19.776568502575646,-6.937452370329049,5.581377750807359
3.993243749804597,0.10005225595737015,5.479430928742399,-35.31196227322682,7.107339399919032,5.446193222316473,-15.923216640468056,20.374212939917918,5.566637018115576,-19.777575111939676,-6.869246793427368,5.583452670438047
3.9930375672206897,0.100049746742382,5.4831321679010525,-34.78080931092174,6.053835353245746,5.460955658825437,-15.947198427334586,17.927948371694427,5.567172143788482,-20.00527944955209,-7.615393677372352,5.582038690152259
3.9922342742719636,0.10000071876960925,5.4831321679010525,-34.78080931092174,6.009178295581351,5.459872254758875,-15.861908002076097,17.927948371694427,5.56729662654473,-20.003157291360388,-7.642424450842805,5.582042553903765
3.993234107863575,0.10028655300200129,5.482756261531978,-34.47423806009117,7.344558014504852,5.459534661122272,-16.130349104505964,17.859484269803993,5.56504691727803,-19.77931167928911,-6.932774265079855,5.5955302223439825
3.9950494623473505,0.10009855775685607,5.48384824545012,-34.43260012686175,7.344558014504852,5.4402465554517025,-15.106513648879613,19.91757300643875,5.567535600663488,-19.789001620042672,-6.742776019091031,5.590473624555581
3.993280411377713,0.10006571612612203,5.4808883583714705,-34.08425809340417,8.459556211834864,5.446669222284785,-15.658862949779698,20.28362338140755,5.5675821527814255,-19.792296012218014,-6.997965249266041,5.5873656370061955
3.993259961465399,0.10006636114746682,5.479588901563754,-33.99417147689833,8.481823996962628,5.484051169035336,-15.94716819834482,19.201357357000578,5.588174091407916,-19.789369114678237,-6.739336362588859,5.59037821467716
3.993259961465399,0.10004233705757178,5.479588901563754,-33.610854488743556,8.459556211834864,5.44637385107093,-15.94716819834482,19.201357357000578,5.588174091407916,-19.789369114678237,-6.739336362588859,5.59037821467716
3.993259961465399,0.10006668735685056,5.479588901563754,-33.60736934740077,8.459556211834864,5.444166222040089,-15.904692647549115,20.28362338140755,5.567297502421904,-19.789369114678237,-6.739336362588859,5.59037821467716
3.993280411377713,0.10006636114746682,5.479640722284283,-33.57364811134023,8.459556211834864,5.446669222284785,-15.658862949779698,20.28362338140755,5.567512246185589,-19.792296012218014,-6.739336362588859,5.590807492189612
3.993260987385602,0.10028693817456724,5.479600285668292,-33.56908297591417,8.459556211834864,5.446669222284785,-15.9205024406258,20.28362338140755,5.567297502421904,-19.787786235786378,-6.934971293579358,5.59037821467716
3.9918471210082282,0.10007063769124315,5.479582132045301,-33.48566362774764,8.459556211834864,5.44637385107093,-15.94716819834482,19.217307293776784,5.588007672235664,-19.79473194585589,-6.739336362588859,5.540860191787928
3.9918471210082282,0.10019198529813172,5.47959929806333,-33.48006786469753,8.442832743781732,5.462891881580602,-16.220925430615473,19.217307293776784,5.588007672235664,-19.79473194585589,-6.739336362588859,5.540785674957428
3.993280411377713,0.1000991226020332,5.4796974753398615,-32.97843286893393,8.458519076512177,5.446669222284785,-15.395224599310202,20.308840322124325,5.56709083269846,-19.770423973888136,-6.745419185151231,5.587620777380168
3.9942787108302635,0.10009416725329753,5.479677100039034,-32.82012394060933,8.7102411786226,5.4460701057536705,-15.398842976627545,19.719205950396226,5.596719301839898,-19.783355402084087,-6.7557664909438735,5.595594206733099
3.9942787108302635,0.10009415171774208,5.479677100039034,-32.78499768945734,8.7102411786226,5.446070218101464,-15.398842976627545,19.719205950396226,5.594249514455538,-19.770760303020506,-6.7490049015271305,5.5953800962365285
3.982949510376384,0.10002349876863709,5.483614063478567,-31.944904874471014,10.743542021114806,5.4604924107288735,-14.72971917422845,24.418682734318114,5.591401444936212,-19.58358761621531,-6.6119730334409414,5.594072864186542
3.9829696927190636,0.10002392621274894,5.496960081914951,-31.944904874471014,10.739704765299576,5.460511864669058,-14.715042800271139,24.418682734318114,5.591401444936212,-19.58358761621531,-6.6119730334409414,5.594072864186542
3.9922300586335466,0.10002392621274894,5.496974536536914,-31.6349161300983,10.739704765299576,5.460511864669058,-14.715042800271139,24.418682734318114,5.591401444936212,-19.58358761621531,-6.6119730334409414,5.594072864186542
3.993929333161452,0.10003188963678689,5.481232338758695,-31.43602062035219,10.766685218141744,5.460420864249049,-14.111330476525914,24.522891255919046,5.589252553069447,-19.758300753324654,-5.472389437453454,5.5910767923934594
3.9922333498074116,0.10000114542136505,5.483133572255825,-30.846277000895604,10.92990293773018,5.459907634756579,-14.690803285877264,24.446729666054747,5.592842416040668,-19.584714211384693,-6.612119811638647,5.583120927402612
3.9808004546755034,0.10002000086848739,5.479861713253409,-30.846439540541613,10.738506436985869,5.463419619514998,-14.56662156635345,25.28573924072939,5.564014329716064,-19.775073429864424,-6.803484246161053,5.5955650310378955
3.9937001407448096,0.10000133365375798,5.483015213551892,-30.600430515098616,11.407055598072162,5.465509022917043,-14.383387321837638,25.017091711361118,5.550309565798717,-19.770254276829004,-6.898788437520212,5.58232939054302
3.9942720508832608,0.10010908399516619,5.500408394621952,-30.846439540541613,10.6848011677301,5.445963526280433,-15.40902759132117,25.062626102489386,5.551558088773594,-19.782133641881696,-7.211507857698731,5.595589085497617
3.9942720508832608,0.10010906845961073,5.500408394621952,-30.811313289389627,10.6848011677301,5.4459636386282275,-15.40902759132117,25.062626102489386,5.549088301389234,-19.769538542818115,-7.204746268281987,5.5953749750010475
3.992232508923394,0.10009863930593793,5.465127829405701,-30.090614906051922,10.738506436985869,5.446694141513969,-14.70309608466966,25.011662217067634,5.551489373286505,-19.741403929118654,-6.660458508932519,5.595616299679501
3.9921924217407203,0.10009863930593793,5.465127829405701,-30.090614906051922,10.738506436985869,5.446694141513969,-14.71342469932969,25.011662217067634,5.551588924320746,-19.742500471680774,-6.660458508932519,5.595616299679501
2.7430836377565284,0.10020719332150323,5.010902111183266,3.174946123245668,19.981525978497142,4.9156582266701925,-17.704515056585343,24.616115772640818,5.025414581855638,-14.82931556456239,-3.058448424908118,4.9913875822349025
2.7430836377565284,0.10020719332150323,5.010902111183266,3.144450007554217,19.981525978497142,4.9156582266701925,-17.49283604165051,24.616115772640818,5.025414581855638,-14.328389015128371,-3.058448424908118,4.9913875822349025
2.7430836377565284,0.10002946285217218,5.010902111183266,3.1752348903275682,18.84066055216821,4.9156582266701925,-14.521873260265211,24.35894385506642,5.006828692193987,-14.836491450330252,-3.0151722082660246,4.990955077890344
2.7430836377565284,0.10002946285217218,5.010902111183266,3.174946123245668,18.84066055216821,4.9156582266701925,-14.31019424533038,24.36109008512169,5.005664643327377,-14.769230820238747,-3.0151722082660246,4.9913875822349025
2.7430836377565284,0.10002946285217218,5.010902111183266,3.1447387746361177,18.84066055216821,4.9156582266701925,-14.31019424533038,24.35894385506642,5.006828692193987,-14.335564900896234,-3.0151722082660246,4.990955077890344
2.779716402470561,0.10036940146882685,5.003438130242067,2.4116092754312164,18.84066055216821,4.960506675706217,-13.600287541914117,19.414539707586385,5.004288107949793,-14.509308536043214,-1.142639177549302,4.982541449473709
2.7786405082720256,0.10000150249713892,4.990177206434396,2.4894125482829152,15.109611782316367,5.0039616785710095,-15.399239830086822,18.28655391940468,4.9616192218928195,-14.509308536043214,-0.9157127302547865,4.963811740599631
2.778640041323358,0.1000474822474019,4.98207377506677,2.4745282288034884,15.10338386950988,4.921488725634737,-15.395394788549602,18.27941539434858,4.985072852579084,-14.509308536043214,-1.0862283456528294,4.991993700031176
2.778442387671851,0.10005108978044978,4.98207377506677,2.4872724996214735,15.10338386950988,4.921488725634737,-13.80894584058579,18.25894111648028,5.082198040550627,-14.510607655624305,-1.0862283456528294,4.9933953613904905
2.778442387671851,0.10000068205665644,4.990177206434396,2.4894125482829152,15.109611782316367,4.917308600741376,-15.781529813818416,15.768977911817608,4.963934610839464,-14.509308536043214,-0.9157127302547865,4.963668883011097
2.6421639305017752,0.10124896844176627,4.912953251999684,2.1625570490656263,13.729479253745515,4.924462033791335,-14.072555388469443,17.84498521977043,4.833660373486994,-14.66146559406664,-0.22684311839795862,4.963757800354148
2.274882372617006,0.10067834562896869,4.687894662635955,2.405972499808325,12.26076684414015,4.68818170278274,-10.26270472877315,16.88440973184752,4.743366460804275,-14.750048882854497,5.568359798967034,4.543842625519165
2.2591076627906808,0.10067834562896869,4.687894662635955,3.095745839034856,12.263806655389617,4.68818170278274,-10.258267232537696,16.88440973184752,4.743366460804275,-14.753288991381027,5.145135949885621,4.543842625519165
2.274993383009179,0.10068694193779143,4.687894662635955,2.3975189224397147,11.974051123082623,4.68818170278274,-10.685813692229788,16.39355667277004,4.743366460804275,-14.566912799769806,5.573637045993376,4.527792300419972
2.259218673182853,0.10068694193779143,4.687894662635955,3.0872922616662457,11.977090934332091,4.68818170278274,-10.681376195994334,16.39355667277004,4.743366460804275,-14.570152908296336,5.150413196911963,4.527792300419972
2.2641358374469074,0.10062364284928763,4.579754051582764,2.4545381702532585,11.345573309120102,4.784384959275982,-9.624727426345048,17.001692819369982,4.717764387414181,-15.183245805709484,5.193375108961323,4.604834580698915
2.1216104121622004,0.10023698553818954,4.6875679970002215,0.4808666065107827,11.999079688626425,4.58271021895642,-10.05697644695789,15.413028930342785,4.640158372190527,-14.80495077356531,4.83578903768727,4.565920274889195
2.1183152100143237,0.10013834085781155,4.837169464099822,0.14532927398572054,10.906247363666575,4.921109650147315,-10.086010010886508,15.387231949232072,4.647113428709315,-16.08303802066697,4.823465107141912,4.5715355899158965
2.1183177081080355,0.10013834085781155,4.849281147597349,0.14418783824638354,10.906247363666575,4.921109650147315,-10.086010010886508,15.38493851809355,4.982450798601934,-16.053598211017988,4.823465107141912,4.5715355899158965
2.2467445526476357,0.10007160436420368,4.715636872540655,0.12750133195675772,11.993221717957518,5.52185304715115,-10.808753316572469,14.761251933134243,5.555667432300194,-16.39468050323387,4.810921806068853,4.9586691001734255
