4.977118793120589,0.10008084372028389,5.782557074458411,-23.53575205136253,67.79875435021455,5.663790641690233,-22.361689711930367,115.16218011189451,5.823006203369781,-46.711810315289235,-0.1570816558947734,5.775617251351378
4.977060406991741,0.10008084372028389,5.782557074458411,-23.535820335639922,68.62944129447689,5.656323597623609,-24.17259443982679,115.16218011189451,5.823001363209214,-46.71370304913831,-0.24415332298395365,5.8162648714604135
4.975758081319785,0.10001531639887679,5.7759416651658,-23.154430504548483,69.03480510528011,5.638149952879931,-22.38549314374485,115.14136036503638,5.8523460456176375,-46.73593610678908,0.22613773049463604,5.745355403962739
4.975758081319785,0.10000112545714247,5.7759416651658,-23.736786477183145,69.03480510528011,5.637579320127047,-22.38549314374485,114.82916036043291,5.8523460456176375,-46.71479880544625,0.22613773049463604,5.747998540323669
4.988329273227647,0.1000014556691204,5.7759416651658,-23.741189516845107,69.0983371398894,5.637579320127047,-22.38549314374485,114.82916036043291,5.8523460456176375,-46.982345203647455,0.46269427405524227,5.7481677762064285
4.9797610162496815,0.10001364797959214,5.781204520704301,-23.568376675571436,68.52192558416563,5.7314442899816065,-21.69350045008011,113.706500859421,5.832135130692664,-47.10790207368929,-0.2395861777244666,5.764953964833485
4.984257514221219,0.10001364797959214,5.781204520704301,-23.568376675571436,68.62944129447689,5.7314442899816065,-24.17259443982679,113.706500859421,5.832135130692664,-47.10790207368929,-0.2395861777244666,5.814618626147727
4.984257514221219,0.1000114501348024,5.81959065979882,-23.51932050379262,68.57463082880905,5.733680145865275,-24.31536669167022,113.62629617394072,5.832135130692664,-47.4524421356164,0.5267804374947842,5.7865444145959914
4.982381694515401,0.10001246744126949,5.774503356022279,-23.77881901976526,67.30780431491868,5.75670181598675,-22.246157523598413,113.06209770203506,5.893374473066675,-46.85588303989283,-0.23490287024707032,5.770387053588686
4.982245673217183,0.10001246744126949,5.806429615925267,-23.792071147627407,67.30780431491868,5.75670181598675,-22.32531753372124,113.03809613370098,5.892706779067893,-46.85588303989283,-0.23470618064920834,5.77023758400442
4.982661354582433,0.1000031734678167,5.771758274881344,-23.805246358862423,67.29274974515866,5.75670181598675,-22.300954248659764,113.06209770203506,5.880563190026283,-46.85588303989283,0.19345007980811912,5.770392203398188
4.982661354582433,0.10009825076826404,5.771758274881344,-23.79227194191048,67.29274974515866,5.75670181598675,-22.326057551906338,113.06209770203506,5.888593115393105,-46.85588303989283,0.19345007980811912,5.770387053588686
4.982735751790565,0.1000295180296021,5.806271160904166,-23.77551422433297,67.09098176619483,5.754398333536678,-22.407185893535214,113.22501356270811,5.885991277794772,-46.999291258685815,0.6572139086230079,5.771962279413065
4.982993218349605,0.10003189915228052,5.789829903632654,-23.766440612695547,67.30390997239384,5.756373510476742,-22.37467412389889,112.97054183238711,5.885706740479956,-46.69818787072769,0.5604782671114341,5.781503550474983
4.982993218349605,0.10003189915228052,5.789268674598324,-23.766440612695547,67.30390997239384,5.756200683523085,-22.373975069617472,112.97054183238711,5.885706740479956,-46.699006329218506,0.6572114049130251,5.781503550474983
4.982733864236599,0.10000161993797943,5.806281509718814,-23.76274085566944,67.09098176619483,5.755503451951203,-22.47313763209599,112.81452775102025,5.893176203400817,-47.004179824102,0.6204712374214129,5.754490281496625
4.982754048672507,0.10000139379920017,5.807711608485996,-23.789617880519128,67.30780431491868,5.75670181598675,-22.34171192032048,112.81567379717573,5.886834021693846,-46.8672803680284,0.6538943862501688,5.755788655808518
4.982735751790565,0.10002951727041479,5.806271160904166,-23.775807597138602,67.09098176619483,5.755393717015381,-22.457483263681844,112.58076561659414,5.889064249986849,-46.999291258685815,0.7127852574258076,5.772050151720516
4.982735751790565,0.10002951727041479,5.80643010264433,-23.775807597138602,67.07397797978344,5.755393717015381,-22.455644250869312,112.57619366486256,5.889064249986849,-46.858140032460255,0.7127852574258076,5.772050151720516
4.982994988287994,0.10003490156636616,5.782222572399399,-25.085098339512182,67.64333485577772,5.761123630682009,-23.403176172938167,112.31684475912722,5.824103583957546,-47.04433744085746,0.661802917026174,5.78596960028379
4.982992261494106,0.10003605597291147,5.769720198007435,-25.131727143921932,67.16786483426291,5.7730861443909065,-22.372536332454374,112.31684475912722,5.880346711283465,-47.190428935413316,0.5954376272084447,5.760868395561309
4.9972411023432235,0.10000359034713753,5.77656442785334,-23.220705403389715,66.69380057767688,5.774579944713854,-21.8840383499143,111.62227806444515,5.890089281079389,-47.50427416735995,0.27529815632502874,5.7718110666764115
4.982720097240765,0.10000359034713753,5.77656442785334,-23.223861613121382,66.69405931314576,5.774505566274955,-22.32000997632024,111.55949753966333,5.890089281079389,-47.50443733842872,0.2664254801547699,5.771771296322199
4.976709977967767,0.10000359034713753,5.77656442785334,-23.223861613121382,66.69405931314576,5.774505566274955,-22.294696795215085,111.55949753966333,5.890089281079389,-47.05392119832216,0.2185506792805583,5.771771296322199
4.98277635224531,0.10004111787215361,5.7933855485461425,-23.223861613121382,66.69405931314576,5.774505566274955,-22.32000997632024,111.55949753966333,5.889145634306071,-47.4786860838869,0.7279328799847806,5.771771296322199
4.98277635224531,0.10001119727908185,5.7933855485461425,-24.24970483008788,66.69405931314576,5.760846745474038,-22.91643480777371,111.3053673979843,5.853339590794438,-47.4786860838869,0.7395034384887968,5.787269071741495
4.9972411023432235,0.10000359034713753,5.777348048926386,-23.220705403389715,66.72344088331288,5.774579944713854,-21.8840383499143,111.04169074949051,5.889137849939248,-47.50427416735995,0.729305109573952,5.771742958561091
4.998443824757513,0.10001210528622685,5.8057869797035915,-23.515251343341788,66.72468397216767,5.772995351501384,-21.923071189676904,110.96689273456653,5.889219231331573,-47.72955490060646,0.745203727310526,5.772762675657168
4.982820472262749,0.10000302042236812,5.806271160904166,-23.87654153320993,66.69404029003064,5.731627530335875,-21.97089784299834,110.96689273456653,5.885310652096863,-46.95993219260931,0.7457362604235309,5.787884570217402
4.984335987369403,0.100008616525865,5.783862660911806,-23.524530251384427,66.46299450622723,5.757172617448393,-22.40834251102643,110.74372941747467,5.871917455900738,-47.6828117207114,0.7313146422206372,5.776934777168268
4.9759370683398085,0.1001675167310224,5.818643297554785,-23.40943131548209,66.68156887833636,5.752316381132551,-23.082807087315356,110.22933490454612,5.889212823060066,-47.057906605866144,0.5604952766139325,5.826823980347074
4.982760761516289,0.10000075048930049,5.769962983482752,-25.103230449197103,66.73035442222275,5.754073567782525,-22.35816103702063,110.28739000653205,5.889907065970503,-47.03130120247968,0.5606112618349008,5.7865461742310185
4.9759370683398085,0.1001675167310224,5.818643297554785,-23.40943131548209,66.668118419424,5.775687304767858,-23.082807087315356,110.10064141489251,5.889212823060066,-47.057906605866144,0.5209358831813762,5.826823980347074
4.982920656934162,0.10001191028797192,5.788357882456582,-23.51790840023793,66.69405931314576,5.776215265758277,-22.359261303173835,109.79220100679733,5.849956147903662,-47.457635768334995,0.7279328799847806,5.787341261712968
4.975379129235766,0.10003212208434285,5.8081035005223685,-25.11693697347661,67.0903640289835,5.7526377582692705,-22.356086598441802,109.7467233901388,5.885507516164662,-46.99829398368067,0.6472261161093599,5.7790237439160785
4.975379129235766,0.10002783122843778,5.806210043643635,-25.11693697347661,67.10639878052055,5.7526377582692705,-22.436183154194293,109.42251765894521,5.885507516164662,-46.99829398368067,0.6472261161093599,5.7790237439160785
4.976428314857118,0.10000216446087877,5.8188591447339295,-25.11693697347661,67.10639878052055,5.776059848918699,-22.436183154194293,109.35098235838487,5.885507516164662,-46.99829398368067,0.7366469876691395,5.7790237439160785
4.982994988287994,0.10003611442946989,5.807390017024852,-25.20199211687358,67.16967100183935,5.772348088914362,-22.35816103702063,109.1776368290692,5.884378056561706,-47.04745111760287,0.5557744011966289,5.7792530605444155
4.976618054988306,0.1001890989644068,5.818228058832574,-23.6851387328834,65.45799974113747,5.776979097237097,-23.1080469132662,108.94840283936031,5.857063175325231,-46.839352358980925,0.6118601709577803,5.779042878220602
4.977206099469647,0.1001114529821145,5.80574131962289,-23.50227692638985,66.72538550487428,5.773151706798841,-21.907248213604433,108.67701497478637,5.888484712973304,-47.72955490060646,0.6483984758534955,5.773435414982462
4.9766334421255545,0.10000743307711739,5.780912312087777,-23.699712807861683,65.30108446690092,5.78174255113787,-22.373975069617472,108.65039031331328,5.848595202888256,-47.05074310377216,0.6251240769154409,5.777911800220268
4.976621949344588,0.10018918550573078,5.780912312087777,-23.699712807861683,65.40987368646992,5.781774787562729,-22.373975069617472,108.60438417302606,5.848850290468079,-47.05074310377216,0.6118351191779294,5.7779204859038655
4.997106288847778,0.10005678918191391,5.791443422562925,-23.617002988683403,65.04062036298514,5.794058473428488,23.82253884137001,65.27515376767929,5.779605972622715,-46.6061597931421,-0.45811083809245945,5.777394828962258
4.998014570978969,0.10007687427084255,5.780750080151659,-23.525176179058754,64.96559405466067,5.794072017929509,23.82253884137001,64.3619766292947,5.779605972622715,-47.03448621594203,0.22008366288668363,5.777961988709848
4.998014570978969,0.10001232413921413,5.791490589086676,-23.41863008564874,65.04062036298514,5.794072017929509,23.82253884137001,64.42502448518923,5.777997274199316,-46.428587797195355,0.25747090022225905,5.777547722898173
4.9821311471525185,0.10005929659408418,5.790971609436779,-23.42056333124491,65.04062036298514,5.794072017929509,22.834305120258243,65.27515376767929,5.779605972622715,-46.71375424558349,0.514857011129827,5.777803570517935
4.986919674408524,0.10018966010443585,5.781125105976095,-23.677496404837644,66.69362262021635,5.740570962826824,24.127784218715945,63.57706747522173,5.781877791089151,-46.27237659538394,0.5909259725366456,5.777381374278469
4.998033133518308,0.10031108643782202,5.785152678109027,-23.412421059824986,65.04062036298514,5.794072017929509,23.822551720791402,62.93064978876247,5.805066318123489,-46.71375424558349,0.514857011129827,5.776129841653921
4.986919674408524,0.10017410924703544,5.7825938593709445,-23.677496404837644,66.69362262021635,5.761474107687594,23.96931292597836,63.69533533646013,5.781877791089151,-46.27237659538394,1.0678132317264044,5.777381374278469
4.998004592312182,0.10017411238016206,5.780764404348032,-23.536887724121346,65.09772984291422,5.792499712537327,23.595653714617978,63.56919815616733,5.782275737811476,-46.27237659538394,0.9893269349156815,5.778965752989809
4.973220020227866,0.10018915414008614,5.781125105976095,-23.677496404837644,65.48577868241226,5.741122190975271,22.98582266464159,63.577479093739676,5.781877791089151,-46.28467184420939,0.5911027365192166,5.777422263575458
4.973220020227866,0.10018915414008614,5.781125105976095,-23.677496404837644,65.48577868241226,5.740570962826824,22.928377937763862,63.57706747522173,5.781877791089151,-46.27870762781072,0.5911027365192166,5.777381374278469
4.97666047208345,0.10008035382523792,5.777607902755067,-23.654467306976628,66.73763151182347,5.762709057604624,22.433439003749662,63.51932038775424,5.783653658749002,-46.67626407304674,0.589083898874629,5.777428739892344
4.96057420822126,0.10008035382523792,5.737821817581969,-23.651628498014894,66.73763151182347,5.762709057604624,22.408870353521234,63.51932038775424,5.823428011551014,-46.67626407304674,0.589083898874629,5.777428739892344
4.986919674408524,0.10018966010443585,5.7811262376669665,-23.524509834395843,66.69362262021635,5.740570962826824,23.573434742470468,63.577807177163145,5.781877791089151,-45.1221944385117,0.5909259725366456,5.779008909158961
4.986919674408524,0.10018966010443585,5.781125105976095,-23.6543296449091,66.75693800173268,5.740570962826824,23.524163945904455,61.94761031553997,5.781877791089151,-46.27162075349115,0.4021774707347019,5.775540527876628
4.975901204954952,0.1000326797425696,5.781070070280574,-23.22040699135444,66.69410014916146,5.763725106358289,24.11110545567965,63.57837862529539,5.7826620131572835,-47.02152827292288,4.123320718675346,5.777402398927017
4.984287330061111,0.10000181490675937,5.782690496044833,-23.635434282478794,66.72262059862966,5.769171788519106,23.757362574871937,62.279025405367044,5.783292587264595,-47.57464847206306,3.586775963967736,5.77796508087118
4.9848568605405665,0.10001041379001424,5.782690496044833,-23.623203841185816,66.72262059862966,5.769171788519106,23.757362574871937,62.279025405367044,5.783292587264595,-47.57679138546568,3.9389612633089714,5.778004191850161
4.97645926312308,0.10001055293380295,5.782649659686423,-23.51440816849696,66.75621891057578,5.769532858888798,24.077566065575624,61.9129382178967,5.783292587264595,-47.382519111088804,3.9405005367894974,5.775521033512203
4.976666831353194,0.10001055293380295,5.782649659686423,-23.51440816849696,66.7869822926486,5.769532858888798,24.077566065575624,61.9129382178967,5.783292587264595,-47.382519111088804,4.256825493368973,5.775521033512203
4.964595540474131,0.10003183729917005,5.781068117498054,-23.227802514954945,66.77546684309961,5.763927293621283,23.673622885759176,62.95307187302518,5.809112992166244,-47.020772431030096,4.506923667036249,5.7767340381892005
4.975901204954952,0.1000326797425696,5.781070070280574,-23.197240231425898,66.75741553067778,5.763725106358289,23.50748518286816,61.94892146561364,5.7826620131572835,-47.020772431030096,3.9345722168734025,5.775561552525177
4.976350272362715,0.10000900475650146,5.782649659686423,-23.51440816849696,66.75621891057578,5.7696362708067115,22.89852892789881,61.9129382178967,5.783292587264595,-47.382519111088804,3.6639923674765282,5.775711863752675
4.96516730961092,0.1000326797425696,5.781068117498054,-23.227802514954945,66.75747180907821,5.763725106358289,23.50748518286816,61.948996839631185,5.809112992166244,-47.020772431030096,4.506923667036249,5.7767340381892005
4.97666047208345,0.10008174459013157,5.782397820883791,-23.654467306976628,66.83524009360424,5.769023165633836,22.433439003749662,62.00091209408431,5.784246431109258,-46.67626407304674,4.339411592820923,5.777552740227698
4.975840323908812,0.10003446522678049,5.781068311681481,-22.513849178946366,66.75621891057578,5.769332277036857,24.03604408584419,61.71522289211995,5.784390733416505,-47.04172002650388,6.566914584260363,5.77705349283854
4.976523299066063,0.10001055293380295,5.782649659686423,-23.530431361816436,66.75621891057578,5.769632261224369,24.078414595227677,61.71522289211995,5.784390733416505,-46.759227524805624,6.566914584260363,5.775521033512203
4.976662060313999,0.10000536903960228,5.782649659686423,-23.79059134422997,66.78491614617414,5.740735604717902,23.239649236112804,61.71852902844521,5.783324802221867,-47.0137454353926,5.9974912437771275,5.775479288964319
4.984917770166948,0.10009275660563195,5.782682028597675,-23.775856791584847,66.75224057291203,5.779580082201539,24.155009665057626,61.87594758637673,5.787740387980236,-46.29329093885957,6.568186803154017,5.774305954438964
4.997631226812353,0.1000785433258079,5.780425828742988,-23.535328648389317,68.16801564238784,5.795357542312205,22.859826401326764,62.89997885256968,5.822705356730395,-46.71464771268218,6.674490285186534,5.774180780735698
4.976510442226297,0.1000051057647916,5.782649659686423,-23.530869385256796,66.7562226940901,5.740735604717902,23.465815797714434,61.714811273602,5.783324802221867,-46.711230215192664,6.566914584260363,5.775480144215214
4.943342879648732,0.10000113669113458,5.782603085564519,-23.407737909494575,67.13183608215493,5.764699917049452,23.26893963661191,60.28541063897386,5.818235305893019,-46.76761607428771,5.613700225926893,5.7733547653837975
4.941184481543705,0.10000025364411405,5.782603873269432,-22.58672489088773,67.13183608215493,5.740361926127561,23.26893963661191,60.65448026563523,5.817867287556896,-46.29329093885957,5.501288140907042,5.823848901172165
4.984623574375063,0.10003590614389836,5.7866893243685515,-23.657646908088772,66.76047613988128,5.795462985117822,23.79215452348793,59.952173359280366,5.774052538112783,-46.789651836494684,6.343486196641605,5.777968240737867
4.98410554608763,0.10002072306143484,5.783232751059105,-23.657646908088772,66.71966111287539,5.798357531544199,23.780069497158028,59.952100517126645,5.8203506491903525,-46.793523293815134,6.561357594856983,5.7780192451856065
4.943342879648732,0.10000025364411405,5.782603178544036,-22.6508421776207,67.13183608215493,5.739825515640378,23.26893963661191,59.95508659803035,5.818235305893019,-46.310206346388036,5.613700225926893,5.7733547653837975
4.941184481543705,0.10000025364411405,5.782603873269432,-22.58672489088773,67.13183608215493,5.740361926127561,23.26893963661191,59.965067891044555,5.817867287556896,-46.29329093885957,5.613700225926893,5.823848901172165
4.9818926552036285,0.10006265127834917,5.78253155736068,-23.68076642850957,67.77068534678301,5.775000947728382,22.8570393876545,60.649394068682724,5.825048709395836,-46.46607820094259,6.762244231235737,5.774024067443463
4.968033092607036,0.10018313050898145,5.78253155736068,-23.68076642850957,67.77068534678301,5.739649896075518,22.856198013510134,60.649394068682724,5.825048709395836,-46.29214581378932,6.752807560767216,5.774024067443463
4.968033092607036,0.10018313050898145,5.749025126230739,-23.68076642850957,67.77068534678301,5.736411778145678,22.856198013510134,60.649394068682724,5.825048709395836,-46.07019964935884,6.732084909897086,5.774024067443463
4.9827027465656,0.10007447737051522,5.780425828742988,-23.536126916427104,67.84407653222415,5.758549872923478,22.856198013510134,59.98583987931685,5.825788480277541,-46.69375784129629,7.247954829115194,5.774162757882454
4.968429062058421,0.10018140014018492,5.749025126230739,-23.68076642850957,67.74175461196913,5.736411778145678,22.856198013510134,60.19014680662673,5.825048709395836,-46.07019964935884,6.645806254758035,5.769810178449042
4.976675570496016,0.1000785433258079,5.777526106139454,-23.53697444673466,67.84407653222415,5.815698760246925,22.45089179619165,59.98583987931685,5.822705356730395,-46.67711534942863,7.192959854744014,5.774162217214945
4.98223139255789,0.10000282041832143,5.781532634893272,-23.762464100801566,67.80329895032166,5.774843122444894,22.910089670407825,59.916706880043286,5.825685232976099,-46.710196455523715,8.257807455251822,5.774162757882454
4.9827027465656,0.10007793774386146,5.780494644263729,-23.770561720911996,67.8436262171942,5.775163890089168,22.855597131894942,59.97822455174959,5.822830529269053,-46.45266465339099,8.25575273629361,5.774162773746011
4.9827027465656,0.10006716492738563,5.781532634893272,-23.770561720911996,67.80329895032166,5.775163890089168,22.891021653726273,59.72805675186568,5.825685232976099,-46.46062544313272,8.266751043132095,5.774162757882454
4.982822031774807,0.100002063861294,5.780494644263729,-23.770561720911996,67.8436262171942,5.775163890089168,22.855597131894942,59.97822455174959,5.822830529269053,-46.23761650713245,8.25575273629361,5.770182456394238
4.968843183969009,0.10018764629543789,5.781532634893272,-22.196417836451687,67.80329895032166,5.739812838436303,22.89018027958191,59.72805675186568,5.825685232976099,-46.286693055979455,8.257314372663574,5.774162757882454
4.951959310144938,0.10001055293380295,5.782585878312449,-23.5123023811617,66.82837316663738,5.761099775240537,22.453134916924956,58.406671774051645,5.826400009558988,-46.67679977622398,7.207263141020148,5.777548991857421
4.9827027465656,0.10007447737051522,5.77973754471176,-23.7731443601859,67.84082984543663,5.771895764460917,22.856198013510134,58.100222507167516,5.825788480277541,-46.695110029409335,7.938661760988921,5.774162757882454
4.9827027465656,0.10007026212611059,5.77973754471176,-23.585573172916046,67.8464915208085,5.759182445815216,22.856198013510134,58.100222507167516,5.822477278855618,-46.67603067177974,7.938661760988921,5.774614818098048
4.975050240335182,0.10002401394269766,5.77973754471176,-23.7731443601859,68.66920945048214,5.767875459913559,22.856198013510134,58.100222507167516,5.8205553426354975,-46.695110029409335,8.163555632401184,5.812005617421621
4.984917770166948,0.10008773854383292,5.77994106802199,-23.775856791584847,66.82837316663738,5.757582239289196,21.598759529081274,58.5415991365134,5.825623963434153,-46.29329093885957,6.668888244010369,5.774305954438964
4.951174547240823,0.10001080400215764,5.782584895920884,-24.290908107664706,66.82837316663738,5.761099775240537,21.598759529081274,58.5415991365134,5.826400009558988,-46.42859589684022,7.207263141020148,5.777548991857421
4.968843183969009,0.10001606773935795,5.781532634893272,-22.80037807919635,68.21510623968732,5.739812838436303,22.89018027958191,59.72805675186568,5.825685232976099,-46.42741704742949,10.282963411252558,5.774091130788958
4.950174218382505,0.10006705701232413,5.777224153350621,-23.778848002354344,66.671475831619,5.77425340617202,22.918656555619346,59.600695238596096,5.808760890927755,-44.101883431946995,7.222281373154799,5.777517368353874
4.975903847993494,0.10006705701232413,5.777172181185624,-22.512110235620803,66.75985325004596,5.7743352788123765,22.935787983943307,59.600695238596096,5.809205399768692,-44.03581954197086,7.207900085166349,5.777517368353874
4.950079947745263,0.10006705701232413,5.809150413253608,-23.79210013021649,66.671475831619,5.77425340617202,22.838756527311418,59.600695238596096,5.803979533254186,-44.101883431946995,7.222281373154799,5.777517368353874
4.950174218382505,0.10009562106520806,5.77681615511773,-23.822374442108476,66.63843156787374,5.794794742113895,22.360473164612642,59.952173359280366,5.808760890927755,-44.15370716424612,7.5002829442467736,5.775042800877698
4.979912923409249,0.10009562106520806,5.771982141624879,-23.771145224872875,67.77376773078883,5.794794742113895,22.39827704007441,59.7218854829393,5.808988413448593,-44.15370716424612,7.527753206719791,5.7797852055618195
4.947923849123153,0.10001533573073122,5.7805620578140005,-23.822374442108476,66.63843156787374,5.795462985117822,23.37876478643673,57.9363498057282,5.808955897407906,-44.15370716424612,7.24182319549077,5.777517368353874
4.950174218382505,0.10001533573073122,5.807777989993211,-23.822374442108476,66.64191437853235,5.774235778181329,23.37876478643673,57.83385345940413,5.804171776416504,-44.15370716424612,7.222281373154799,5.777517368353874
4.999867522051744,0.10000231393642293,5.862596426239895,-40.499689095507506,59.41152814055974,5.842637254731153,3.375417727736105,39.40354609530068,5.750606501572301,-42.369826825864294,18.860507503174475,5.775103684531426
4.984431914390147,0.10000070637993226,5.862549345301499,-40.01373507271013,59.41152814055974,5.825515381983732,3.426397866096084,39.305700162342895,5.750606501572301,-42.27484910641121,18.8667181472859,5.740259869875195
4.999867522051744,0.10000200657509772,5.855228768878459,-40.499689095507506,58.22496377070048,5.842628359641389,3.375417727736105,39.40354609530068,5.750606501572301,-42.369826825864294,18.860507503174475,5.775103684531426
4.98089589673003,0.10002947336173486,5.861241524947922,-39.534294823984624,58.6600781579795,5.841074645805896,3.2633121600544,38.61535709232279,5.7510559153832075,-42.30117789443672,18.49246911168318,5.760078711631388
4.980730534377687,0.10003397919087002,5.855191829274137,-40.56681284525369,57.590948936868855,5.794772078436051,3.23837583377222,39.177691165720574,5.749499956747149,-41.71334171418231,18.29233495950904,5.760433756670437
4.980736997051674,0.10003397919087002,5.860654350714658,-40.55287992964522,57.59039669657727,5.794772078436051,3.23837583377222,38.62147057129554,5.749499956747149,-41.69841103723525,18.461473314774892,5.760433756670437
4.980854384583639,0.10003005106976044,5.860585796253614,-40.0340704918355,57.548636694775034,5.826165913865291,3.23837583377222,38.61535709232279,5.7510559153832075,-42.0696370728059,18.49246911168318,5.760078711631388
4.980854384583639,0.10002947336173486,5.860452411630341,-39.534294823984624,57.590948936868855,5.841074645805896,3.23837583377222,38.61535709232279,5.7510559153832075,-42.076338776412214,18.49246911168318,5.760078711631388
4.983489361586323,0.10001049221488455,5.8554562657697735,-39.392633503022346,57.4560543323495,5.828901594119276,3.331683570043703,38.50426605018427,5.7725614867903,-42.089110839247404,18.759781717386762,5.76074727091598
4.983338891870039,0.10000090803871545,5.855483643946492,-40.985642190572136,56.19297635957211,5.82599020857181,3.855376807837273,39.441389812843546,5.746415963039012,-41.599190886970334,15.804787985839386,5.759826315704285
4.983339823783342,0.10000063843717577,5.855483643946492,-40.98761278234343,55.262124956106135,5.82599020857181,3.45179764970681,38.807061186152005,5.746415963039012,-41.599190886970334,15.804787985839386,5.760394527166768
4.9837871070708175,0.10007609931964104,5.855488234436226,-40.59176789459595,55.35207846845776,5.829269510970895,3.4729292609478666,38.58507098997616,5.749499956747149,-41.588870759683815,15.890107230225095,5.76074727091598
4.983339823783342,0.10000069135609164,5.861816611076631,-40.019671188643706,55.324784188673604,5.82599020857181,3.424433095259411,38.46493009843455,5.743002757284854,-42.26794990024746,15.804787985839386,5.7591750287155925
4.983339823783342,0.10000069135609164,5.861816611076631,-39.99867857377068,55.324784188673604,5.825614753758788,3.5053430452096466,38.47999005842955,5.744308552499091,-42.26794990024746,15.595443015546406,5.778080963745805
4.982570615586204,0.10000048866905795,5.854156671584645,-40.993658654541385,54.44799098516177,5.826113187346363,3.45179764970681,38.747807232919996,5.750777048546245,-41.69434405552915,15.840426837655482,5.760444367994479
4.98068779486876,0.10004798446573511,5.849461968962619,-40.97044348492967,54.44799098516177,5.826113187346363,3.4455165180055514,38.75058271154935,5.779757128741538,-41.59437748808175,15.840426837655482,5.760465751699517
4.982570615586204,0.10000047259439457,5.855579169032637,-40.588959421632424,54.44799098516177,5.829428464558221,3.45179764970681,38.744315556962135,5.750697543794291,-41.69434405552915,15.844278594979722,5.760444367994479
4.982325092884826,0.10000048866905795,5.854156671584645,-40.347746725506745,54.44799098516177,5.826113187346363,3.45179764970681,38.747807232919996,5.750777048546245,-41.69434405552915,15.840426837655482,5.760444367994479
4.989074791472906,0.10003441494411758,5.878629633680292,-40.23375526957174,54.465546365486816,5.847612390241709,3.234848140518467,38.74876398122788,5.769873626146531,-41.98445919513028,15.815636564932584,5.769957784335915
4.988694642216281,0.10003995347837323,5.868404192975102,-40.9353903629526,53.8815735375257,5.846931240092894,3.425683347976566,38.46024852271071,5.745748519457446,-41.98445919513028,16.079244383599843,5.772248660714838
4.971048831463342,0.10003669202860993,5.862363129945842,-40.0463788239097,54.32676587392431,5.840904270442731,3.567025000211143,38.61798233574096,5.776624927837984,-41.98445919513028,14.076884836066077,5.76074249237585
4.958056487026318,0.10000199922264297,5.855242637401905,-40.74831825635135,53.66098120055425,5.850875489275592,3.2279800008570363,38.91954731556092,5.762884364954215,-42.204908965703325,16.12240497571763,5.791393062185965
4.971048831463342,0.10003613004137105,5.859331466876359,-40.0463788239097,53.8815735375257,5.848393473941572,3.567025000211143,38.61798233574096,5.776624927837984,-41.98445919513028,14.34025652564777,5.761660522178441
4.989434364298198,0.10003549432833148,5.8756606694821185,-39.93362576995531,53.8815735375257,5.847612390241709,3.234848140518467,38.61798233574096,5.769873626146531,-41.98445919513028,15.815636564932584,5.780385427958577
4.987802927571839,0.10003557868648748,5.8748066929238,-39.554155816468416,53.8815735375257,5.847612390241709,3.3553251795076418,38.61798233574096,5.769454315879401,-41.98445919513028,14.34025652564777,5.763343607473087
4.983471432535172,0.10003430501721447,5.8618033856090666,-38.76318448347373,54.44799098516177,5.847449172813328,3.2232421348054343,37.863461561707524,5.770658980156939,-41.98641457666402,15.003541639032473,5.772875160942416
4.989141277051667,0.10008259935439025,5.859263821524822,-41.838416966622994,50.93089777009035,5.835896310342842,3.0364834448635643,38.75591101003651,5.774278663964407,-42.19679219103048,11.928031603592032,5.777579130008507
4.9831174670483085,0.10004367207553164,5.859646779546013,-41.838416966622994,50.792373833597516,5.8343492318003465,3.0364834448635643,38.35431250325497,5.774278663964407,-42.22001218532614,11.761821041130668,5.777047314275139
4.988644655689614,0.1000046962752847,5.856299568850287,-41.66347474989139,50.19089039181809,5.847613112625628,2.7942208848981753,38.602748836192745,5.767325213236841,-42.56120282053631,10.540741361656433,5.770200680788653
4.988091538555748,0.10000709449000932,5.8563039213650105,-41.82400967123049,50.03411746000778,5.847643572250885,2.517021874132043,38.60139440888439,5.749824732275981,-42.07769412337004,10.713642011851068,5.770200680788653
4.988699665795731,0.10000709449000932,5.8563039213650105,-41.826198894944795,50.011263986925414,5.846967025715668,3.507729238155861,38.601970370578584,5.749824732275981,-41.98296100100834,10.806770605209396,5.772623552851532
4.984443419818797,0.10008259935439025,5.859263821524822,-40.08350105930696,50.889231145706475,5.835896310342842,3.3979032454659275,38.717559687516534,5.774278663964407,-42.264627244337234,11.928031603592032,5.777579130008507
4.988644655689614,0.10000458507713379,5.858385764448088,-40.68049197995272,50.19089039181809,5.805169334327624,2.7942208848981753,38.602748836192745,5.767325213236841,-42.56120282053631,10.540741361656433,5.770375804991833
4.999125853817778,0.1000421261124772,5.861806412991085,-39.518292476095155,50.93089777009035,5.8359237695105834,3.4354623254375687,38.57862394721942,5.769537988057381,-42.196875887519866,11.942313741443607,5.774567542464248
4.989891845622326,0.10000709449000932,5.862070453558509,-40.46721634904842,50.03411746000778,5.847643572250885,3.3610086642485686,38.60139440888439,5.750232689910724,-42.07769412337004,10.713642011851068,5.770835368849681
4.973509535032586,0.10002405446031784,5.854991109948926,-39.96389532348981,50.18854068985722,5.847638743261028,3.5476047347917867,38.54467040470039,5.77307222194303,-42.07601283160566,12.053002403893126,5.767328201365551
4.981028589278922,0.10000284660400797,5.856288150622615,-41.03870308821028,49.01493040100551,5.830329604376041,3.323029047031431,38.81354420462504,5.748990516521509,-42.08982645356786,10.72884579007653,5.770235432018772
4.981028589278922,0.1000022486486424,5.856288150622615,-40.96233871362638,49.01493040100551,5.847643572250885,3.323029047031431,38.60139440888439,5.748990516521509,-42.08982645356786,10.72884579007653,5.770200680788653
4.980840638950979,0.10000164392258193,5.808460190223614,-41.066630192391905,48.78572788246679,5.845533420595604,3.329766887534957,38.45369560985228,5.772751507884722,-42.16144197149908,10.468295472894644,5.779460180882366
4.981885821943401,0.1000022486486424,5.856390294694901,-40.81378387903526,48.88855805578183,5.847647561617578,3.323029047031431,38.454795780144224,5.748990516521509,-42.0922374799307,10.505610159928352,5.808744315374765
4.971426620872692,0.1000022486486424,5.85636262048843,-40.04323734565117,49.16406468540265,5.847647561617578,3.5432951449928045,38.454795780144224,5.7765085435808885,-42.0922374799307,10.505610159928352,5.75977304548435
4.946537238646129,0.10000002166011442,5.856552637618991,-40.73446223726508,48.23873414893262,5.847681011447018,3.375153843515103,38.23118974443845,5.749339226209962,-43.34329630168606,10.266527240414264,5.779479270956084
4.943787874130057,0.100001926823542,5.856390294694901,-40.81378387903526,47.57977536667347,5.847675202164709,3.3742249142992757,38.35081645046269,5.748611376200775,-43.37851662118631,10.402983256053602,5.777431196951535
4.983103997923935,0.10000888766102772,5.859189589654697,-42.230015456717965,45.59513147906738,5.823583160516051,2.3676305669461373,38.588729930318834,5.774184156399658,-42.34672251074909,6.479268318409002,5.762437432346389
4.981965004782251,0.1000366772622074,5.85503697235065,-42.012421553588574,45.58095041473115,5.847529143244271,3.331846706789889,38.51061733083595,5.773250769577894,-42.056945109404815,6.742863856763281,5.774124596132449
4.99806667393873,0.10000406521161531,5.855264566387516,-42.25717125677453,45.0942864448139,5.827413661659145,3.333004830128222,38.511172910088874,5.772816056156459,-42.212801283847526,6.744108443234551,5.78678041260231
4.98272971529979,0.10000406521161531,5.855264566387516,-42.26748054248645,45.04860855071435,5.841735470982861,3.333004830128222,38.511172910088874,5.772816056156459,-42.06625660818355,6.744108443234551,5.787925009314276
4.975807137577312,0.10000081416649219,5.8455036243901155,-42.066001387524466,44.99124976092626,5.844663003107408,2.2933042068159146,38.46325172178355,5.803843235695969,-41.87656792894662,6.184747299873392,5.767006820213814
4.983094688471877,0.10000616165606255,5.865462982662502,-41.010298201684364,45.616694304633235,5.84932733337814,3.3222684527660693,38.51979514222236,5.763229466988464,-42.046547609987265,6.712452611705907,5.7676428897874805
4.989680118081782,0.10000411625336428,5.856299568850287,-40.60758000175156,45.73037924834974,5.849141058633655,2.7942208848981753,38.602748836192745,5.767325213236841,-42.56120282053631,6.949067796442025,5.770375804991833
4.983086038194833,0.10000411065230376,5.86514038258418,-40.61616564052357,45.648562453927724,5.849230183308931,3.4322182978385607,38.52188771211095,5.772816056156459,-42.05833985190124,6.837697055089177,5.753378723877102
4.980975542819025,0.10000614131933988,5.853962705229704,-41.00548791942436,45.026286647822445,5.8415640725165225,3.331844072950903,38.81264640486911,5.7637817369927316,-42.046926780268144,7.60787266788798,5.778769797039107
4.980975542819025,0.10000614131933988,5.853962705229704,-40.695156221270906,45.10475515512638,5.8277187399899,3.3330811627362693,38.81304206832674,5.764046966638607,-42.04646049767335,7.60787266788798,5.778769797039107
4.983939593946245,0.10000099406893177,5.856104656807913,-43.6838915249925,41.227292221439264,5.79406412813363,2.0717624289619394,38.460586163213385,5.780081582579733,-42.332181777133094,2.0377633081978925,5.777094369978985
4.984628630675035,0.10000099406893177,5.856094024858787,-42.898268540389374,39.48634907334923,5.79406412813363,2.405148424699153,38.50571509383689,5.8090605838343246,-42.332181777133094,0.1847031773479636,5.815068224908609
4.983939593946245,0.10000099406893177,5.856094024858787,-42.898268540389374,39.48634907334923,5.79406412813363,2.405148424699153,38.460586163213385,5.809265691827203,-42.332181777133094,0.1847031773479636,5.815068224908609
4.984671706677544,0.10000074810138979,5.856147201768212,-42.898268540389374,39.47255579925086,5.79406412813363,2.373207318127056,38.17299341309229,5.815047181887823,-43.028253918145175,2.1043702422528243,5.815068224908609
4.984671706677544,0.10000060358115478,5.856147201768212,-42.119662813886364,39.47255579925086,5.79406412813363,2.373207318127056,38.17299341309229,5.815047181887823,-43.028253918145175,2.1043702422528243,5.815068224908609
4.944840540728085,0.10000412409366635,5.853806516466584,-42.23793407470176,39.47255579925086,5.792950937488263,2.5034012931988965,38.460586163213385,5.772776171586829,-42.06519048810437,1.5784181021837917,5.811660765011353
4.981990818725252,0.100001913689697,5.861542901010349,-43.63183490265111,36.68784393861731,5.84157949304171,0.7846908641948014,36.35966578265915,5.823990607407081,-42.915823740323034,-1.022527908749673,5.833055145719154
4.976996853808066,0.10000378331711758,5.8190260558732305,-41.33713625724872,39.949115102385534,5.8482470892231,2.399644338216867,38.58968777522176,5.774575353403965,-41.526441133755206,1.6454598765594821,5.781996460944975
4.943140563674188,0.10000177335682095,5.8657599022546725,-41.815590702330134,39.34742610769939,5.8432422496586085,2.591365647132329,36.495160149082714,5.810189539371046,-41.5938081463608,0.49455298328850184,5.794430425456795
4.982019914775758,0.10000148261301639,5.861516839043492,-42.153774595353575,36.66578852062378,5.840700360848184,1.3205014682020728,36.370296306665125,5.845135378065063,-42.294072475490886,-0.1479758308341489,5.813091127118468
4.981990818725252,0.10000148261301639,5.861516839043492,-42.153774595353575,36.66578852062378,5.8475766605232895,0.7884278942713987,36.589156763884276,5.845135378065063,-42.294072475490886,-0.1375621282785522,5.813091127118468
4.981990818725252,0.10000148261301639,5.861516839043492,-42.153774595353575,36.66578852062378,5.8475766605232895,0.7884278942713987,36.370296306665125,5.845135378065063,-42.294072475490886,-0.1375621282785522,5.813091127118468
4.981990818725252,0.10000148261301639,5.861542901010349,-42.153774595353575,36.68784393861731,5.84157949304171,0.7846908641948014,36.370296306665125,5.823990607407081,-42.294072475490886,0.018093993114194795,5.833055145719154
4.980971572246171,0.10004416466521476,5.859332226249675,-42.12457097961803,36.731540250303595,5.840703848971663,1.3268186921873357,35.570322969785245,5.82398477803301,-42.27542161502775,-0.022449494944952963,5.832324847390996
4.981674390593516,0.1000012628076672,5.861516839043492,-42.20045277937237,36.66578852062378,5.840659604430616,1.3205014682020728,34.941939873413546,5.845135378065063,-42.294072475490886,-0.1479758308341489,5.816286260849687
4.981990818725252,0.10000148261301639,5.861542901010349,-42.153774595353575,36.68784393861731,5.841561342454104,0.7117746749230309,35.546563471052615,5.823990607407081,-42.294072475490886,0.018093993114194795,5.833055145719154
4.980971572246171,0.10004416466521476,5.859332226249675,-42.08811041509396,36.61536602562755,5.827840154678933,0.5561375943531874,35.570322969785245,5.823637186254477,-42.27542161502775,-0.022449494944952963,5.832324847390996
4.983401415111682,0.10003094428582336,5.8611586251970875,-42.00013738313743,36.535898596079804,5.852274491555781,0.7885864332509551,35.47107402606798,5.843147552669672,-42.28913121483226,0.16721053092560467,5.811951309680631
4.983401415111682,0.10003091276753724,5.858964362445493,-42.00013738313743,36.535898596079804,5.852274491555781,0.7885864332509551,35.47107402606798,5.8454089122397415,-41.59390068271573,-0.03941348387643906,5.811951309680631
4.983401415111682,0.10003091276753724,5.858964362445493,-41.8827881450013,36.535898596079804,5.848390752303696,0.760596680312334,35.47107402606798,5.845138629380261,-41.59390068271573,-0.048866885726639636,5.811951309680631
4.9888245901363355,0.10007735514868647,5.8593060101899495,-41.92324913759271,36.329925834731654,5.847429888447406,0.5234899113206788,35.656852105519796,5.845135378065063,-41.57045500665632,-0.21869489280817422,5.777559583049794
4.980971572246171,0.10000078707204237,5.862687711643132,-43.23105328794264,33.46671072222888,5.847719544565384,0.868900682098618,35.68806559908227,5.811770098013475,-42.329396061368264,1.1426291414806622,5.8137542364048835
4.940987993072229,0.100001496428908,5.856891044961885,-42.089331277577685,34.66168925680537,5.829491207258413,0.8189718482406529,35.436688964522865,5.80926687432576,-41.588926442564194,0.017290101190436433,5.822248857477147
4.980971572246171,0.1000066117959419,5.8583400659909834,-43.268994637018196,33.46671072222888,5.828228908822013,0.544199491016256,35.63907425675769,5.811677643956122,-42.033332486262125,1.0107685552763441,5.832324847390996
4.980971572246171,0.10000221276619424,5.859332226249675,-43.23105328794264,33.46671072222888,5.846658673256156,0.868900682098618,35.68806559908227,5.811770098013475,-41.61527470003673,1.1426291414806622,5.832324847390996
4.980988044282826,0.10000221276619424,5.859332226249675,-43.23105328794264,33.46671072222888,5.846658673256156,0.868900682098618,35.68323156170521,5.811770098013475,-41.61527470003673,1.1426291414806622,5.782550836846159
4.982892239516023,0.10004087640377675,5.857498438971714,-42.04444010750185,34.77199789697334,5.850980403656244,0.888840152117655,35.5881491122836,5.833072585159889,-41.606166007091176,1.5452591362965573,5.832531400984799
4.974762312189665,0.10001216284906565,5.866332393680164,-42.137818591565946,33.769494607086,5.842215079352923,1.5986292554777106,34.64607462279491,5.833232559346818,-41.98464855667622,2.14620889471271,5.816768846699624
4.983321203486071,0.10000083391622955,5.859332226249675,-43.2246263450815,32.79754035054201,5.848942708088841,0.9420429027289974,35.570322969785245,5.8210046560853375,-41.6135554167292,1.9709217317987238,5.833288180791907
4.980971572246171,0.10000299463628899,5.866332393680164,-42.24691651152613,33.67759981035573,5.8422179661703435,0.6306011847387636,34.99948436478521,5.832945902482933,-42.18357403737328,2.0938754896017366,5.832324847390996
4.980971572246171,0.10000299463628899,5.866332393680164,-42.19754084980655,33.67759981035573,5.8422179661703435,0.6306011847387636,35.11236883617644,5.831337440886082,-42.185767756672334,2.4205051792240386,5.831771767145282
4.972286911991027,0.10001216284906565,5.866332393680164,-42.137818591565946,33.67759981035573,5.842215079352923,0.6306011847387636,34.64607462279491,5.832945902482933,-41.98464855667622,2.14620889471271,5.832324847390996
4.980971572246171,0.10004416466521476,5.859332226249675,-42.12457097961803,33.67759981035573,5.8422179661703435,0.6306011847387636,35.570322969785245,5.82398477803301,-41.61384185336381,2.4340240282166885,5.832324847390996
4.983130828822038,0.10006612544527536,5.850837655450702,-42.13662248703425,33.40207694499016,5.857959242588433,0.5630193879670966,35.514709432860265,5.816230605381407,-41.6135554167292,2.107594920533633,5.8323206479859815
4.983130828822038,0.10006612544527536,5.8517440074093825,-42.13662248703425,33.40207694499016,5.8579831949198775,0.5630193879670966,35.36043292266776,5.816230605381407,-41.6135554167292,2.176167124844781,5.8323206479859815
4.980699707322976,0.1000060800403367,5.825815591875072,-42.17033764225379,33.02963078658274,5.854862769734559,0.7344286662641994,35.17689447949659,5.833266202329421,-41.51113179386548,2.0865064381972576,5.778218395640202
4.983178773669843,0.10000390260687682,5.873773539999001,-42.11315580024106,33.063816542240744,5.85523177448655,0.7817635295350006,34.989732646472575,5.833266202329421,-41.597841878565745,2.2977716733490845,5.778319758387117
4.98376693188929,0.1000009216112045,5.855528706902674,-42.068216988681414,32.83441691158456,5.840884652747289,1.6941709569965175,35.5694517519702,5.823993706388287,-42.34438655376228,5.570414383341662,5.833550726960918
4.943190491356652,0.10002064062095313,5.7880563146913735,-42.45210306199235,31.818568610954227,5.792474655202959,0.5459122147845856,35.64018748351509,5.809903183923647,-42.04122343059226,4.269791952521299,5.780644042739974
4.99016979469807,0.10002064062095313,5.849746384222952,-42.45210306199235,31.56513261579396,5.792474655202959,0.5459122147845856,35.64018748351509,5.808362831951311,-42.16166521729848,4.269791952521299,5.776895325737529
4.99859478969459,0.10001994008011529,5.851586253894385,-42.45210306199235,31.27841397849759,5.792474655202959,0.5459122147845856,35.64018748351509,5.809903183923647,-42.04122343059226,4.269791952521299,5.780644042739974
4.983280866452436,0.1000009216112045,5.864808881318289,-41.25780714812789,32.89941011444292,5.848971814901658,1.724448104743138,34.911165759623636,5.824011570565665,-42.56043534593009,6.099238428852799,5.813615801887445
4.983280866452436,0.1000009216112045,5.864808881318289,-41.25780714812789,32.804425074977225,5.84906695579296,1.6941709569965175,34.911165759623636,5.822743796690454,-42.346165186667974,6.099238428852799,5.813615801887445
4.9813237546673435,0.10004421413802278,5.85503748041416,-41.39793343360314,31.682591871594255,5.832417847377682,0.9351631262002433,35.03503046285502,5.8097945872882955,-42.18079562723105,5.267448823250038,5.775240481519754
4.974775145182533,0.10022771713861839,5.854519253642873,-41.409364436862795,31.764501842737477,5.853251980881991,1.6665669169795188,34.69604471147359,5.812662127818999,-41.855131600376794,5.693556999377925,5.8135610595178004
4.972321117066179,0.1000123493593105,5.856328109190017,-41.293857753208535,31.82262523454448,5.832764812435307,0.9351631262002433,34.65155876378499,5.809905320834006,-41.981870146533986,5.208888657714024,5.780808069839147
4.982157655491029,0.1000123493593105,5.854568520268786,-41.28883551364296,31.682591871594255,5.832435288394028,0.9351631262002433,34.65618588431394,5.8097945872882955,-41.981870146533986,5.265011899692012,5.82583620680919
4.972202103364708,0.10000727964227357,5.8545566583679935,-40.857336778925834,32.00803640165545,5.8268961974994005,0.9351631262002433,34.621721226168674,5.8097945872882955,-41.981870146533986,5.3435407044108745,5.770735075815966
4.972202103364708,0.10000727964227357,5.854491970483225,-40.897117657638724,32.00803640165545,5.8268961974994005,0.5131017972005474,34.621721226168674,5.8097945872882955,-41.981870146533986,5.32216310374059,5.769928848645236
4.983194495140141,0.10000386022491776,5.863152446712566,-39.79905270637809,33.065166164871314,5.846712955695779,2.3814529825453747,33.9347190895121,5.807706408371972,-41.59079135280827,6.324193714991915,5.781172379594066
4.983194495140141,0.10000381626520566,5.863152446712566,-39.79905270637809,33.065166164871314,5.846712821478785,2.2542358024961557,33.874869558868056,5.8088114244798605,-41.573550081693185,6.327392319529626,5.781172167063903
4.982632713920775,0.10000378992279411,5.862246094753886,-39.79905270637809,33.065166164871314,5.857102913894921,2.6142662354653865,33.45864339630325,5.808763905941812,-41.58506761562548,7.134541083729893,5.777432331093074
4.981504406634029,0.1000079161995105,5.861395839262261,-39.58652069055219,33.09285691858574,5.846326826157467,0.9006056564613127,35.15350715034985,5.82509390618176,-42.3001679999402,6.724895315664018,5.774383728473667
4.981900376085413,0.10000258806446496,5.861395839262261,-39.58652069055219,33.06392618377185,5.846326826157467,0.9006056564613127,34.69425988829386,5.82509390618176,-42.3001679999402,6.638616660524968,5.770169839479246
4.98313477814566,0.1000084491857143,5.862650672372027,-39.59871463809415,33.04232044092757,5.848710304792184,0.9521518106825893,34.68162072086473,5.809462258406344,-42.10923575440992,6.708557630587303,5.826891448304065
4.962367451625219,0.10004428299304319,5.867853228091641,-39.79939588670924,32.3495849898598,5.795568753944355,1.3387580191061565,33.977806427884126,5.808768880596819,-41.6560922748025,6.2417586469424045,5.764166109548084
4.963505602973696,0.10004428299304319,5.86301921459879,-39.71704674119259,32.3495849898598,5.767369108031639,1.3387580191061565,33.91489725507514,5.8086049662726005,-41.6560922748025,6.264791781896349,5.805252595033414
4.997001847622051,0.10000201309156635,5.865234743297502,-39.71704674119259,32.17044798102844,5.766866604916459,1.3387580191061565,34.010704799871135,5.784197408504054,-41.585322854058276,6.275967646881962,5.775798973586833
4.9787118621500035,0.10004428299304319,5.86301921459879,-39.281302536649406,32.3495849898598,5.767369108031639,1.3387580191061565,33.91489725507514,5.8171240747426864,-41.61314073209605,6.264791781896349,5.805252595033414
4.9848158722507065,0.1000017201696338,5.8549159262172585,-38.979185824639785,32.78428399330232,5.841170920783824,0.9724776482892419,34.0472121623712,5.817892512766298,-41.56877644100378,6.105865209509637,5.778096131977514
4.962367451625219,0.10004428299304319,5.867868117456314,-39.79939588670924,31.359112993405827,5.767369108031639,0.5071858672356837,33.91489725507514,5.809776074206153,-41.6560922748025,6.26710619726566,5.773185349115321
4.9848158722507065,0.1000017201696338,5.8549159262172585,-39.05156076459564,32.18111829109587,5.841170920783824,0.9724776482892419,34.0472121623712,5.809354621355234,-41.56877644100378,7.12631776095113,5.778096131977514
4.993368046358453,0.10014796545717879,5.855296139231774,-20.082185719610386,40.268191412820556,5.629844177893882,4.630211460426988,36.56585829527376,5.728382590772205,-38.36743217957231,23.024120646705587,5.674416982800211
4.993368046358453,0.10014796545717879,5.861591377777122,-20.143775493449684,40.32120516792869,5.634347996528729,4.630211460426988,36.56585829527376,5.728382590772205,-38.217798699974445,23.024120646705587,5.673666101922309
4.984142370651023,0.10016327015456818,5.861591377777122,-20.082185719610386,40.32120516792869,5.634447050129465,4.630211460426988,36.56585829527376,5.728948485329873,-38.041000108756,23.014865462678816,5.674416982800211
4.963285968772665,0.10014796545717879,5.855150988997958,-20.082185719610386,40.268191412820556,5.557527726674949,4.630211460426988,36.56585829527376,5.728382590772205,-38.15764935889335,23.256646350881812,5.674416982800211
4.963285968772665,0.10014796545717879,5.855150988997958,-20.01151546440734,40.268191412820556,5.557418024214789,4.630211460426988,36.15234276483509,5.728382590772205,-38.170091126912,23.31581684584233,5.674416982800211
4.95678658864169,0.10006281401213354,5.8601840309574635,-19.20035027235716,39.59935977261291,5.555963993480919,4.625061909885714,32.41154884979984,5.764542855218798,-38.163260138680535,23.23807180728525,5.566475702998619
4.978701753524302,0.10006565053908052,5.861002733842788,-19.192988300777998,39.57038018989187,5.624093831850474,4.629888571176587,32.03018963604662,5.712695905614012,-38.001434041842074,23.22037825807192,5.575120510693421
4.978701753524302,0.10006565053908052,5.861002733842788,-19.192988300777998,39.59935977261291,5.630119201896546,4.625061909885714,32.05271544973584,5.750649006786092,-38.001434041842074,23.173628810201038,5.575115207067217
4.988400551732185,0.10000033076361314,5.852657589865432,-18.891728148554552,40.01095484396843,5.626688432293372,4.701475426747299,31.80810294490531,5.750972444623001,-37.90803352174223,23.162800005627787,5.573535858480756
4.978701753524302,0.10006565053908052,5.861002733842788,-19.192988300777998,39.57038018989187,5.624093831850474,4.629888571176587,32.03018963604662,5.746536387980941,-38.001434041842074,22.52105967899709,5.5750214230982245
4.811543251507074,0.10000325252794845,5.858459487939914,-19.20553382246783,35.815209446133125,5.546955506204529,4.6014669127067425,32.197738553785456,5.748283864452207,-37.12591226216887,18.928980964908085,5.57830453991444
4.811543251507074,0.10000196619646695,5.858459487939914,-19.20553382246783,35.815209446133125,5.546955506204529,4.587192550863283,32.197738553785456,5.739485320038993,-36.49449653905586,18.928980964908085,5.57830453991444
4.811541569528071,0.1000419006320301,5.858459487939914,-19.20553382246783,35.815148913587,5.546960221420442,4.587192550863283,32.065471716078996,5.739485320038993,-36.527672891775914,18.928980964908085,5.57830453991444
4.8114288400040275,0.10001044629125173,5.8544583796445995,-19.14391185403268,35.72950766710652,5.546960221420442,4.587192550863283,31.77243861227069,5.747337682958094,-36.52892759808057,18.928980964908085,5.57830453991444
4.811541569528071,0.1000419006320301,5.789162571238098,-19.20553382246783,35.815148913587,5.546960221420442,4.587192550863283,31.315011210823425,5.739485320038993,-36.527672891775914,18.928980964908085,5.577851161288692
4.811541529541097,0.10000325252794845,5.786990819661724,-19.20553382246783,35.815209446133125,5.546955506204529,4.587192550863283,31.303257903805246,5.739485320038993,-36.49449653905586,18.928980964908085,5.577821292481346
4.809526672717968,0.1000236658592915,5.854732752518694,-19.208099085246005,35.83382390649972,5.547167242335922,4.632067219295314,31.78990548044547,5.7505685306552,-36.0972414502951,18.413778190880077,5.584721045993641
4.809900288837322,0.10002648705296945,5.8605196625540765,-19.1945628145186,35.78373638339313,5.5434319957740295,4.640670188613131,31.899814035595924,5.7511767188660405,-35.88273297497001,18.414771488561254,5.579501103325714
4.809900288837322,0.10002648705296945,5.818845514168994,-19.194563062238853,35.78373638339313,5.624521737404698,4.561809587555521,31.90328349441046,5.750170656750422,-35.88178010712911,18.43208577774323,5.579501103325714
4.816327050470065,0.10001032353050528,5.86385156525107,-19.146918704922022,35.691407868871636,5.548858299430094,3.5334130606876415,27.332100362589138,5.689991032679442,-37.036965220118034,18.942459171444824,5.578568317792377
4.816327050470065,0.10001023586238218,5.8601954259541165,-19.147233901527375,35.69261371252029,5.549142324840035,3.5334130606876415,27.332100362589138,5.750608950204512,-36.966415269167996,18.547511973308914,5.573219124112121
4.809463085164901,0.10004110356098919,5.860185573737614,-19.194270426272492,35.726424132495076,5.551736866773718,3.5366984759153124,27.80575120387639,5.760006762336945,-36.041878857430326,18.45068975274511,5.573085114023633
4.809463085164901,0.10001043359173137,5.8601849157321695,-19.194270426272492,35.72642414674411,5.551107406653399,3.5369411205516044,27.802884626199333,5.760006762336945,-35.94123998542146,18.45068975274511,5.573085114023633
4.809463085164901,0.10000937265315732,5.860185937634301,-19.194270426272492,35.72642414674411,5.553552703573752,3.5366984759153124,27.648927863274803,5.75999447578262,-35.94615444964017,18.340506153980613,5.573085114023633
4.809463085164901,0.1000410445204028,5.860185573737614,-19.194270426272492,35.72642414674411,5.553552703573752,3.5366984759153124,27.460369736098865,5.760006762336945,-35.94123998542146,18.45068975274511,5.573085114023633
4.816194859120747,0.10000373885889692,5.864945074181378,-18.512760237642098,35.69988291568212,5.55123290582279,3.4385404602091194,25.703189118040306,5.77278291457636,-35.90000679607203,18.855689298091715,5.583190496748869
4.816194859120747,0.10003821303007375,5.859840541824506,-18.512760237642098,35.72642146132661,5.551732487966001,3.517352778810003,25.703189118040306,5.772768755983763,-36.04347560752261,18.543959215632857,5.573333692115817
4.816194859120747,0.10000876487177238,5.85834149135471,-18.512760237642098,35.72638817982332,5.55123290582279,3.5193272864718574,25.703189118040306,5.776233467388155,-36.04347560752261,18.463912146299553,5.580064624259347
4.816194859120747,0.1000403079981771,5.859840541824506,-18.512760237642098,35.726422938899894,5.551695522975341,3.517352778810003,25.703189118040306,5.772768755983763,-35.91053645980965,18.543959215632857,5.573333692115817
4.816194859120747,0.1000399151300464,5.864527718466009,-18.512760237642098,35.72638817982332,5.55123290582279,3.5166429018927388,25.703189118040306,5.77278291457636,-35.925400524560025,18.465441919949697,5.579016884479593
4.816194859120747,0.1000399151300464,5.860087589616011,-18.512760237642098,35.72638846926388,5.539760801736106,3.5166429018927388,25.703189118040306,5.77278291457636,-35.9842969738697,18.337976782285722,5.579091261175139
4.820481662019722,0.10004128891367231,5.789409009524451,-18.446036986308197,35.726474387830905,5.543198886947046,3.5176908790667714,25.703189118040306,5.749891586602153,-35.92045244348149,17.968060362536956,5.577183055678158
